info: Microsoft.AspNetCore.DataProtection.KeyManagement.XmlKeyManager[63]
      User profile is available. Using 'C:\Users\Admin\AppData\Local\ASP.NET\DataProtection-Keys' as key repository and Windows DPAPI to encrypt keys at rest.
info: Microsoft.Hosting.Lifetime[0]
      Application started. Press Ctrl+C to shut down.
info: Microsoft.Hosting.Lifetime[0]
      Hosting environment: Development
info: Microsoft.Hosting.Lifetime[0]
      Content root path: C:\Users\Admin\Documents\GitHub\PhoneBook\PhoneBook\PhoneBook
info: Microsoft.AspNetCore.Hosting.Diagnostics[1]
      Request starting HTTP/2 GET https://localhost:44364/ - - -
warn: Microsoft.AspNetCore.Session.SessionMiddleware[7]
      Error unprotecting the session cookie.
      System.Security.Cryptography.CryptographicException: The payload was invalid. For more information go to https://aka.ms/aspnet/dataprotectionwarning
         at Microsoft.AspNetCore.DataProtection.Cng.CbcAuthenticatedEncryptor.DecryptImpl(Byte* pbCiphertext, UInt32 cbCiphertext, Byte* pbAdditionalAuthenticatedData, UInt32 cbAdditionalAuthenticatedData)
         at Microsoft.AspNetCore.DataProtection.Cng.Internal.CngAuthenticatedEncryptorBase.Decrypt(ArraySegment`1 ciphertext, ArraySegment`1 additionalAuthenticatedData)
         at Microsoft.AspNetCore.DataProtection.KeyManagement.KeyRingBasedDataProtector.UnprotectCore(Byte[] protectedData, Boolean allowOperationsOnRevokedKeys, UnprotectStatus& status)
         at Microsoft.AspNetCore.DataProtection.KeyManagement.KeyRingBasedDataProtector.Unprotect(Byte[] protectedData)
         at Microsoft.AspNetCore.Session.CookieProtection.Unprotect(IDataProtector protector, String protectedText, ILogger logger)
info: Microsoft.AspNetCore.Routing.EndpointMiddleware[0]
      Executing endpoint 'PhoneBook.Controllers.HomeController.Index (PhoneBook)'
info: Microsoft.AspNetCore.Mvc.Infrastructure.ControllerActionInvoker[102]
      Route matched with {action = "Index", controller = "Home"}. Executing controller action with signature System.Threading.Tasks.Task`1[Microsoft.AspNetCore.Mvc.IActionResult] Index() on controller PhoneBook.Controllers.HomeController (PhoneBook).
info: Microsoft.AspNetCore.Mvc.ViewFeatures.ViewResultExecutor[1]
      Executing ViewResult, running view Index.
info: Microsoft.AspNetCore.Mvc.ViewFeatures.ViewResultExecutor[4]
      Executed ViewResult - view Index executed in 168.8729ms.
info: Microsoft.AspNetCore.Mvc.Infrastructure.ControllerActionInvoker[105]
      Executed action PhoneBook.Controllers.HomeController.Index (PhoneBook) in 386.0713ms
info: Microsoft.AspNetCore.Routing.EndpointMiddleware[1]
      Executed endpoint 'PhoneBook.Controllers.HomeController.Index (PhoneBook)'
info: Microsoft.AspNetCore.Hosting.Diagnostics[1]
      Request starting HTTP/2 GET https://localhost:44364/_vs/browserLink - - -
info: Microsoft.AspNetCore.Hosting.Diagnostics[1]
      Request starting HTTP/2 GET https://localhost:44364/_framework/aspnetcore-browser-refresh.js - - -
info: Microsoft.AspNetCore.Hosting.Diagnostics[2]
      Request finished HTTP/2 GET https://localhost:44364/ - 200 - text/html;+charset=utf-8 544.5333ms
info: Microsoft.AspNetCore.Hosting.Diagnostics[2]
      Request finished HTTP/2 GET https://localhost:44364/_framework/aspnetcore-browser-refresh.js - 200 16503 application/javascript;+charset=utf-8 9.0808ms
info: Microsoft.AspNetCore.Hosting.Diagnostics[2]
      Request finished HTTP/2 GET https://localhost:44364/_vs/browserLink - 200 - text/javascript;+charset=UTF-8 47.5166ms
info: Microsoft.AspNetCore.Hosting.Diagnostics[1]
      Request starting HTTP/2 GET https://localhost:44364/Home/GetDepartments - - -
warn: Microsoft.AspNetCore.Session.SessionMiddleware[7]
      Error unprotecting the session cookie.
      System.Security.Cryptography.CryptographicException: The payload was invalid. For more information go to https://aka.ms/aspnet/dataprotectionwarning
         at Microsoft.AspNetCore.DataProtection.Cng.CbcAuthenticatedEncryptor.DecryptImpl(Byte* pbCiphertext, UInt32 cbCiphertext, Byte* pbAdditionalAuthenticatedData, UInt32 cbAdditionalAuthenticatedData)
         at Microsoft.AspNetCore.DataProtection.Cng.Internal.CngAuthenticatedEncryptorBase.Decrypt(ArraySegment`1 ciphertext, ArraySegment`1 additionalAuthenticatedData)
         at Microsoft.AspNetCore.DataProtection.KeyManagement.KeyRingBasedDataProtector.UnprotectCore(Byte[] protectedData, Boolean allowOperationsOnRevokedKeys, UnprotectStatus& status)
         at Microsoft.AspNetCore.DataProtection.KeyManagement.KeyRingBasedDataProtector.Unprotect(Byte[] protectedData)
         at Microsoft.AspNetCore.Session.CookieProtection.Unprotect(IDataProtector protector, String protectedText, ILogger logger)
info: Microsoft.AspNetCore.Routing.EndpointMiddleware[0]
      Executing endpoint 'PhoneBook.Controllers.HomeController.GetDepartments (PhoneBook)'
info: Microsoft.AspNetCore.Mvc.Infrastructure.ControllerActionInvoker[102]
      Route matched with {action = "GetDepartments", controller = "Home"}. Executing controller action with signature System.Threading.Tasks.Task`1[Microsoft.AspNetCore.Mvc.IActionResult] GetDepartments() on controller PhoneBook.Controllers.HomeController (PhoneBook).
info: Microsoft.AspNetCore.Hosting.Diagnostics[1]
      Request starting HTTP/2 GET https://localhost:44364/Home/GetAllEmployees?sort=&group=&filter= - - -
info: Microsoft.AspNetCore.Hosting.Diagnostics[1]
      Request starting HTTP/2 GET https://localhost:44364/api/Note/list - - -
info: Microsoft.AspNetCore.Mvc.Infrastructure.SystemTextJsonResultExecutor[1]
      Executing JsonResult, writing value of type 'System.Linq.Enumerable+SelectListIterator`2[[PhoneBook.Models.Department, PhoneBook, Version=1.0.0.0, Culture=neutral, PublicKeyToken=null],[<>f__AnonymousType2`5[[System.Int32, System.Private.CoreLib, Version=8.0.0.0, Culture=neutral, PublicKeyToken=7cec85d7bea7798e],[System.String, System.Private.CoreLib, Version=8.0.0.0, Culture=neutral, PublicKeyToken=7cec85d7bea7798e],[System.Int32, System.Private.CoreLib, Version=8.0.0.0, Culture=neutral, PublicKeyToken=7cec85d7bea7798e],[System.Boolean, System.Private.CoreLib, Version=8.0.0.0, Culture=neutral, PublicKeyToken=7cec85d7bea7798e],[System.Collections.Generic.List`1[[System.Object, System.Private.CoreLib, Version=8.0.0.0, Culture=neutral, PublicKeyToken=7cec85d7bea7798e]], System.Private.CoreLib, Version=8.0.0.0, Culture=neutral, PublicKeyToken=7cec85d7bea7798e]], PhoneBook, Version=1.0.0.0, Culture=neutral, PublicKeyToken=null]]'.
warn: Microsoft.AspNetCore.Session.SessionMiddleware[7]
      Error unprotecting the session cookie.
      System.Security.Cryptography.CryptographicException: The payload was invalid. For more information go to https://aka.ms/aspnet/dataprotectionwarning
         at Microsoft.AspNetCore.DataProtection.Cng.CbcAuthenticatedEncryptor.DecryptImpl(Byte* pbCiphertext, UInt32 cbCiphertext, Byte* pbAdditionalAuthenticatedData, UInt32 cbAdditionalAuthenticatedData)
         at Microsoft.AspNetCore.DataProtection.Cng.Internal.CngAuthenticatedEncryptorBase.Decrypt(ArraySegment`1 ciphertext, ArraySegment`1 additionalAuthenticatedData)
         at Microsoft.AspNetCore.DataProtection.KeyManagement.KeyRingBasedDataProtector.UnprotectCore(Byte[] protectedData, Boolean allowOperationsOnRevokedKeys, UnprotectStatus& status)
         at Microsoft.AspNetCore.DataProtection.KeyManagement.KeyRingBasedDataProtector.Unprotect(Byte[] protectedData)
         at Microsoft.AspNetCore.Session.CookieProtection.Unprotect(IDataProtector protector, String protectedText, ILogger logger)
warn: Microsoft.AspNetCore.Session.SessionMiddleware[7]
      Error unprotecting the session cookie.
      System.Security.Cryptography.CryptographicException: The payload was invalid. For more information go to https://aka.ms/aspnet/dataprotectionwarning
         at Microsoft.AspNetCore.DataProtection.Cng.CbcAuthenticatedEncryptor.DecryptImpl(Byte* pbCiphertext, UInt32 cbCiphertext, Byte* pbAdditionalAuthenticatedData, UInt32 cbAdditionalAuthenticatedData)
         at Microsoft.AspNetCore.DataProtection.Cng.Internal.CngAuthenticatedEncryptorBase.Decrypt(ArraySegment`1 ciphertext, ArraySegment`1 additionalAuthenticatedData)
         at Microsoft.AspNetCore.DataProtection.KeyManagement.KeyRingBasedDataProtector.UnprotectCore(Byte[] protectedData, Boolean allowOperationsOnRevokedKeys, UnprotectStatus& status)
         at Microsoft.AspNetCore.DataProtection.KeyManagement.KeyRingBasedDataProtector.Unprotect(Byte[] protectedData)
         at Microsoft.AspNetCore.Session.CookieProtection.Unprotect(IDataProtector protector, String protectedText, ILogger logger)
info: Microsoft.AspNetCore.Routing.EndpointMiddleware[0]
      Executing endpoint 'PhoneBook.Controllers.NoteController.GetNotes (PhoneBook)'
info: Microsoft.AspNetCore.Routing.EndpointMiddleware[0]
      Executing endpoint 'PhoneBook.Controllers.HomeController.GetAllEmployees (PhoneBook)'
info: Microsoft.AspNetCore.Mvc.Infrastructure.ControllerActionInvoker[102]
      Route matched with {action = "GetAllEmployees", controller = "Home"}. Executing controller action with signature System.Threading.Tasks.Task`1[Microsoft.AspNetCore.Mvc.IActionResult] GetAllEmployees() on controller PhoneBook.Controllers.HomeController (PhoneBook).
info: Microsoft.AspNetCore.Mvc.Infrastructure.ControllerActionInvoker[102]
      Route matched with {action = "GetNotes", controller = "Note"}. Executing controller action with signature System.Threading.Tasks.Task`1[Microsoft.AspNetCore.Mvc.IActionResult] GetNotes() on controller PhoneBook.Controllers.NoteController (PhoneBook).
info: Microsoft.AspNetCore.Hosting.Diagnostics[1]
      Request starting HTTP/2 GET https://localhost:44364/Home/GetDepartments - - -
warn: Microsoft.AspNetCore.Session.SessionMiddleware[7]
      Error unprotecting the session cookie.
      System.Security.Cryptography.CryptographicException: The payload was invalid. For more information go to https://aka.ms/aspnet/dataprotectionwarning
         at Microsoft.AspNetCore.DataProtection.Cng.CbcAuthenticatedEncryptor.DecryptImpl(Byte* pbCiphertext, UInt32 cbCiphertext, Byte* pbAdditionalAuthenticatedData, UInt32 cbAdditionalAuthenticatedData)
         at Microsoft.AspNetCore.DataProtection.Cng.Internal.CngAuthenticatedEncryptorBase.Decrypt(ArraySegment`1 ciphertext, ArraySegment`1 additionalAuthenticatedData)
         at Microsoft.AspNetCore.DataProtection.KeyManagement.KeyRingBasedDataProtector.UnprotectCore(Byte[] protectedData, Boolean allowOperationsOnRevokedKeys, UnprotectStatus& status)
         at Microsoft.AspNetCore.DataProtection.KeyManagement.KeyRingBasedDataProtector.Unprotect(Byte[] protectedData)
         at Microsoft.AspNetCore.Session.CookieProtection.Unprotect(IDataProtector protector, String protectedText, ILogger logger)
info: Microsoft.AspNetCore.Mvc.Infrastructure.ControllerActionInvoker[105]
      Executed action PhoneBook.Controllers.HomeController.GetDepartments (PhoneBook) in 41.9022ms
info: Microsoft.AspNetCore.Routing.EndpointMiddleware[1]
      Executed endpoint 'PhoneBook.Controllers.HomeController.GetDepartments (PhoneBook)'
info: Microsoft.AspNetCore.Routing.EndpointMiddleware[0]
      Executing endpoint 'PhoneBook.Controllers.HomeController.GetDepartments (PhoneBook)'
info: Microsoft.AspNetCore.Hosting.Diagnostics[2]
      Request finished HTTP/2 GET https://localhost:44364/Home/GetDepartments - 200 - application/json;+charset=utf-8 60.4563ms
info: Microsoft.AspNetCore.Mvc.Infrastructure.ControllerActionInvoker[102]
      Route matched with {action = "GetDepartments", controller = "Home"}. Executing controller action with signature System.Threading.Tasks.Task`1[Microsoft.AspNetCore.Mvc.IActionResult] GetDepartments() on controller PhoneBook.Controllers.HomeController (PhoneBook).
info: Microsoft.AspNetCore.Mvc.Infrastructure.SystemTextJsonResultExecutor[1]
      Executing JsonResult, writing value of type 'System.Linq.Enumerable+SelectListIterator`2[[PhoneBook.Models.Department, PhoneBook, Version=1.0.0.0, Culture=neutral, PublicKeyToken=null],[<>f__AnonymousType2`5[[System.Int32, System.Private.CoreLib, Version=8.0.0.0, Culture=neutral, PublicKeyToken=7cec85d7bea7798e],[System.String, System.Private.CoreLib, Version=8.0.0.0, Culture=neutral, PublicKeyToken=7cec85d7bea7798e],[System.Int32, System.Private.CoreLib, Version=8.0.0.0, Culture=neutral, PublicKeyToken=7cec85d7bea7798e],[System.Boolean, System.Private.CoreLib, Version=8.0.0.0, Culture=neutral, PublicKeyToken=7cec85d7bea7798e],[System.Collections.Generic.List`1[[System.Object, System.Private.CoreLib, Version=8.0.0.0, Culture=neutral, PublicKeyToken=7cec85d7bea7798e]], System.Private.CoreLib, Version=8.0.0.0, Culture=neutral, PublicKeyToken=7cec85d7bea7798e]], PhoneBook, Version=1.0.0.0, Culture=neutral, PublicKeyToken=null]]'.
info: Microsoft.AspNetCore.Mvc.Infrastructure.ControllerActionInvoker[105]
      Executed action PhoneBook.Controllers.HomeController.GetDepartments (PhoneBook) in 14.8017ms
info: Microsoft.AspNetCore.Routing.EndpointMiddleware[1]
      Executed endpoint 'PhoneBook.Controllers.HomeController.GetDepartments (PhoneBook)'
info: Microsoft.AspNetCore.Hosting.Diagnostics[2]
      Request finished HTTP/2 GET https://localhost:44364/Home/GetDepartments - 200 - application/json;+charset=utf-8 29.8894ms
info: Microsoft.AspNetCore.Mvc.Infrastructure.ObjectResultExecutor[1]
      Executing OkObjectResult, writing value of type 'System.Collections.Generic.List`1[[PhoneBook.Models.Note, PhoneBook, Version=1.0.0.0, Culture=neutral, PublicKeyToken=null]]'.
info: Microsoft.AspNetCore.Mvc.Infrastructure.ControllerActionInvoker[105]
      Executed action PhoneBook.Controllers.NoteController.GetNotes (PhoneBook) in 55.1309ms
info: Microsoft.AspNetCore.Routing.EndpointMiddleware[1]
      Executed endpoint 'PhoneBook.Controllers.NoteController.GetNotes (PhoneBook)'
info: Microsoft.AspNetCore.Hosting.Diagnostics[2]
      Request finished HTTP/2 GET https://localhost:44364/api/Note/list - 200 - application/json;+charset=utf-8 73.0127ms
info: Microsoft.AspNetCore.Mvc.Infrastructure.SystemTextJsonResultExecutor[1]
      Executing JsonResult, writing value of type 'System.Collections.Generic.List`1[[PhoneBook.Models.Employee, PhoneBook, Version=1.0.0.0, Culture=neutral, PublicKeyToken=null]]'.
info: Microsoft.AspNetCore.Mvc.Infrastructure.ControllerActionInvoker[105]
      Executed action PhoneBook.Controllers.HomeController.GetAllEmployees (PhoneBook) in 80.0229ms
info: Microsoft.AspNetCore.Routing.EndpointMiddleware[1]
      Executed endpoint 'PhoneBook.Controllers.HomeController.GetAllEmployees (PhoneBook)'
info: Microsoft.AspNetCore.Hosting.Diagnostics[2]
      Request finished HTTP/2 GET https://localhost:44364/Home/GetAllEmployees?sort=&group=&filter= - 200 - application/json;+charset=utf-8 101.7125ms
info: Microsoft.AspNetCore.Hosting.Diagnostics[1]
      Request starting HTTP/2 GET https://localhost:44364/Home/GetEmployeesByDepartment?departmentId=0 - - -
warn: Microsoft.AspNetCore.Session.SessionMiddleware[7]
      Error unprotecting the session cookie.
      System.Security.Cryptography.CryptographicException: The payload was invalid. For more information go to https://aka.ms/aspnet/dataprotectionwarning
         at Microsoft.AspNetCore.DataProtection.Cng.CbcAuthenticatedEncryptor.DecryptImpl(Byte* pbCiphertext, UInt32 cbCiphertext, Byte* pbAdditionalAuthenticatedData, UInt32 cbAdditionalAuthenticatedData)
         at Microsoft.AspNetCore.DataProtection.Cng.Internal.CngAuthenticatedEncryptorBase.Decrypt(ArraySegment`1 ciphertext, ArraySegment`1 additionalAuthenticatedData)
         at Microsoft.AspNetCore.DataProtection.KeyManagement.KeyRingBasedDataProtector.UnprotectCore(Byte[] protectedData, Boolean allowOperationsOnRevokedKeys, UnprotectStatus& status)
         at Microsoft.AspNetCore.DataProtection.KeyManagement.KeyRingBasedDataProtector.Unprotect(Byte[] protectedData)
         at Microsoft.AspNetCore.Session.CookieProtection.Unprotect(IDataProtector protector, String protectedText, ILogger logger)
info: Microsoft.AspNetCore.Routing.EndpointMiddleware[0]
      Executing endpoint 'PhoneBook.Controllers.HomeController.GetEmployeesByDepartment (PhoneBook)'
info: Microsoft.AspNetCore.Mvc.Infrastructure.ControllerActionInvoker[102]
      Route matched with {action = "GetEmployeesByDepartment", controller = "Home"}. Executing controller action with signature System.Threading.Tasks.Task`1[Microsoft.AspNetCore.Mvc.IActionResult] GetEmployeesByDepartment(Int32) on controller PhoneBook.Controllers.HomeController (PhoneBook).
info: Microsoft.AspNetCore.Mvc.Infrastructure.SystemTextJsonResultExecutor[1]
      Executing JsonResult, writing value of type 'System.Collections.Generic.List`1[[PhoneBook.Models.Employee, PhoneBook, Version=1.0.0.0, Culture=neutral, PublicKeyToken=null]]'.
info: Microsoft.AspNetCore.Hosting.Diagnostics[1]
      Request starting HTTP/2 GET https://localhost:44364/Home/GetEmployeesByDepartment?departmentId=0 - - -
info: Microsoft.AspNetCore.Mvc.Infrastructure.ControllerActionInvoker[105]
      Executed action PhoneBook.Controllers.HomeController.GetEmployeesByDepartment (PhoneBook) in 43.272ms
info: Microsoft.AspNetCore.Routing.EndpointMiddleware[1]
      Executed endpoint 'PhoneBook.Controllers.HomeController.GetEmployeesByDepartment (PhoneBook)'
warn: Microsoft.AspNetCore.Session.SessionMiddleware[7]
      Error unprotecting the session cookie.
      System.Security.Cryptography.CryptographicException: The payload was invalid. For more information go to https://aka.ms/aspnet/dataprotectionwarning
         at Microsoft.AspNetCore.DataProtection.Cng.CbcAuthenticatedEncryptor.DecryptImpl(Byte* pbCiphertext, UInt32 cbCiphertext, Byte* pbAdditionalAuthenticatedData, UInt32 cbAdditionalAuthenticatedData)
         at Microsoft.AspNetCore.DataProtection.Cng.Internal.CngAuthenticatedEncryptorBase.Decrypt(ArraySegment`1 ciphertext, ArraySegment`1 additionalAuthenticatedData)
         at Microsoft.AspNetCore.DataProtection.KeyManagement.KeyRingBasedDataProtector.UnprotectCore(Byte[] protectedData, Boolean allowOperationsOnRevokedKeys, UnprotectStatus& status)
         at Microsoft.AspNetCore.DataProtection.KeyManagement.KeyRingBasedDataProtector.Unprotect(Byte[] protectedData)
         at Microsoft.AspNetCore.Session.CookieProtection.Unprotect(IDataProtector protector, String protectedText, ILogger logger)
info: Microsoft.AspNetCore.Hosting.Diagnostics[2]
      Request finished HTTP/2 GET https://localhost:44364/Home/GetEmployeesByDepartment?departmentId=0 - 200 - application/json;+charset=utf-8 58.7881ms
info: Microsoft.AspNetCore.Routing.EndpointMiddleware[0]
      Executing endpoint 'PhoneBook.Controllers.HomeController.GetEmployeesByDepartment (PhoneBook)'
info: Microsoft.AspNetCore.Mvc.Infrastructure.ControllerActionInvoker[102]
      Route matched with {action = "GetEmployeesByDepartment", controller = "Home"}. Executing controller action with signature System.Threading.Tasks.Task`1[Microsoft.AspNetCore.Mvc.IActionResult] GetEmployeesByDepartment(Int32) on controller PhoneBook.Controllers.HomeController (PhoneBook).
info: Microsoft.AspNetCore.Mvc.Infrastructure.SystemTextJsonResultExecutor[1]
      Executing JsonResult, writing value of type 'System.Collections.Generic.List`1[[PhoneBook.Models.Employee, PhoneBook, Version=1.0.0.0, Culture=neutral, PublicKeyToken=null]]'.
info: Microsoft.AspNetCore.Mvc.Infrastructure.ControllerActionInvoker[105]
      Executed action PhoneBook.Controllers.HomeController.GetEmployeesByDepartment (PhoneBook) in 31.9082ms
info: Microsoft.AspNetCore.Routing.EndpointMiddleware[1]
      Executed endpoint 'PhoneBook.Controllers.HomeController.GetEmployeesByDepartment (PhoneBook)'
info: Microsoft.AspNetCore.Hosting.Diagnostics[2]
      Request finished HTTP/2 GET https://localhost:44364/Home/GetEmployeesByDepartment?departmentId=0 - 200 - application/json;+charset=utf-8 44.8527ms
info: Microsoft.AspNetCore.Hosting.Diagnostics[1]
      Request starting HTTP/2 GET https://localhost:44364/.well-known/appspecific/com.chrome.devtools.json - - -
warn: Microsoft.AspNetCore.Session.SessionMiddleware[7]
      Error unprotecting the session cookie.
      System.Security.Cryptography.CryptographicException: The payload was invalid. For more information go to https://aka.ms/aspnet/dataprotectionwarning
         at Microsoft.AspNetCore.DataProtection.Cng.CbcAuthenticatedEncryptor.DecryptImpl(Byte* pbCiphertext, UInt32 cbCiphertext, Byte* pbAdditionalAuthenticatedData, UInt32 cbAdditionalAuthenticatedData)
         at Microsoft.AspNetCore.DataProtection.Cng.Internal.CngAuthenticatedEncryptorBase.Decrypt(ArraySegment`1 ciphertext, ArraySegment`1 additionalAuthenticatedData)
         at Microsoft.AspNetCore.DataProtection.KeyManagement.KeyRingBasedDataProtector.UnprotectCore(Byte[] protectedData, Boolean allowOperationsOnRevokedKeys, UnprotectStatus& status)
         at Microsoft.AspNetCore.DataProtection.KeyManagement.KeyRingBasedDataProtector.Unprotect(Byte[] protectedData)
         at Microsoft.AspNetCore.Session.CookieProtection.Unprotect(IDataProtector protector, String protectedText, ILogger logger)
info: Microsoft.AspNetCore.Hosting.Diagnostics[2]
      Request finished HTTP/2 GET https://localhost:44364/.well-known/appspecific/com.chrome.devtools.json - 404 - - 6.9305ms
info: Microsoft.AspNetCore.Hosting.Diagnostics[16]
      Request reached the end of the middleware pipeline without being handled by application code. Request path: GET https://localhost:44364/.well-known/appspecific/com.chrome.devtools.json, Response status code: 404
info: Microsoft.AspNetCore.Hosting.Diagnostics[1]
      Request starting HTTP/2 GET https://localhost:44364/lib/kendo/js/kendo.aspnetmvc.min.js.map - - -
info: Microsoft.AspNetCore.Hosting.Diagnostics[1]
      Request starting HTTP/2 GET https://localhost:44364/lib/kendo/js/kendo.all.min.js.map - - -
warn: Microsoft.AspNetCore.Session.SessionMiddleware[7]
      Error unprotecting the session cookie.
      System.Security.Cryptography.CryptographicException: The payload was invalid. For more information go to https://aka.ms/aspnet/dataprotectionwarning
         at Microsoft.AspNetCore.DataProtection.Cng.CbcAuthenticatedEncryptor.DecryptImpl(Byte* pbCiphertext, UInt32 cbCiphertext, Byte* pbAdditionalAuthenticatedData, UInt32 cbAdditionalAuthenticatedData)
         at Microsoft.AspNetCore.DataProtection.Cng.Internal.CngAuthenticatedEncryptorBase.Decrypt(ArraySegment`1 ciphertext, ArraySegment`1 additionalAuthenticatedData)
         at Microsoft.AspNetCore.DataProtection.KeyManagement.KeyRingBasedDataProtector.UnprotectCore(Byte[] protectedData, Boolean allowOperationsOnRevokedKeys, UnprotectStatus& status)
         at Microsoft.AspNetCore.DataProtection.KeyManagement.KeyRingBasedDataProtector.Unprotect(Byte[] protectedData)
         at Microsoft.AspNetCore.Session.CookieProtection.Unprotect(IDataProtector protector, String protectedText, ILogger logger)
warn: Microsoft.AspNetCore.Session.SessionMiddleware[7]
      Error unprotecting the session cookie.
      System.Security.Cryptography.CryptographicException: The payload was invalid. For more information go to https://aka.ms/aspnet/dataprotectionwarning
         at Microsoft.AspNetCore.DataProtection.Cng.CbcAuthenticatedEncryptor.DecryptImpl(Byte* pbCiphertext, UInt32 cbCiphertext, Byte* pbAdditionalAuthenticatedData, UInt32 cbAdditionalAuthenticatedData)
         at Microsoft.AspNetCore.DataProtection.Cng.Internal.CngAuthenticatedEncryptorBase.Decrypt(ArraySegment`1 ciphertext, ArraySegment`1 additionalAuthenticatedData)
         at Microsoft.AspNetCore.DataProtection.KeyManagement.KeyRingBasedDataProtector.UnprotectCore(Byte[] protectedData, Boolean allowOperationsOnRevokedKeys, UnprotectStatus& status)
         at Microsoft.AspNetCore.DataProtection.KeyManagement.KeyRingBasedDataProtector.Unprotect(Byte[] protectedData)
         at Microsoft.AspNetCore.Session.CookieProtection.Unprotect(IDataProtector protector, String protectedText, ILogger logger)
info: Microsoft.AspNetCore.Hosting.Diagnostics[2]
      Request finished HTTP/2 GET https://localhost:44364/lib/kendo/js/kendo.all.min.js.map - 404 - - 7.3028ms
info: Microsoft.AspNetCore.Hosting.Diagnostics[2]
      Request finished HTTP/2 GET https://localhost:44364/lib/kendo/js/kendo.aspnetmvc.min.js.map - 404 - - 7.8345ms
info: Microsoft.AspNetCore.Hosting.Diagnostics[16]
      Request reached the end of the middleware pipeline without being handled by application code. Request path: GET https://localhost:44364/lib/kendo/js/kendo.all.min.js.map, Response status code: 404
info: Microsoft.AspNetCore.Hosting.Diagnostics[16]
      Request reached the end of the middleware pipeline without being handled by application code. Request path: GET https://localhost:44364/lib/kendo/js/kendo.aspnetmvc.min.js.map, Response status code: 404
info: Microsoft.AspNetCore.Hosting.Diagnostics[1]
      Request starting HTTP/2 GET https://localhost:44364/ - - -
warn: Microsoft.AspNetCore.Session.SessionMiddleware[7]
      Error unprotecting the session cookie.
      System.Security.Cryptography.CryptographicException: The payload was invalid. For more information go to https://aka.ms/aspnet/dataprotectionwarning
         at Microsoft.AspNetCore.DataProtection.Cng.CbcAuthenticatedEncryptor.DecryptImpl(Byte* pbCiphertext, UInt32 cbCiphertext, Byte* pbAdditionalAuthenticatedData, UInt32 cbAdditionalAuthenticatedData)
         at Microsoft.AspNetCore.DataProtection.Cng.Internal.CngAuthenticatedEncryptorBase.Decrypt(ArraySegment`1 ciphertext, ArraySegment`1 additionalAuthenticatedData)
         at Microsoft.AspNetCore.DataProtection.KeyManagement.KeyRingBasedDataProtector.UnprotectCore(Byte[] protectedData, Boolean allowOperationsOnRevokedKeys, UnprotectStatus& status)
         at Microsoft.AspNetCore.DataProtection.KeyManagement.KeyRingBasedDataProtector.Unprotect(Byte[] protectedData)
         at Microsoft.AspNetCore.Session.CookieProtection.Unprotect(IDataProtector protector, String protectedText, ILogger logger)
info: Microsoft.AspNetCore.Routing.EndpointMiddleware[0]
      Executing endpoint 'PhoneBook.Controllers.HomeController.Index (PhoneBook)'
info: Microsoft.AspNetCore.Mvc.Infrastructure.ControllerActionInvoker[102]
      Route matched with {action = "Index", controller = "Home"}. Executing controller action with signature System.Threading.Tasks.Task`1[Microsoft.AspNetCore.Mvc.IActionResult] Index() on controller PhoneBook.Controllers.HomeController (PhoneBook).
info: Microsoft.AspNetCore.Mvc.ViewFeatures.ViewResultExecutor[1]
      Executing ViewResult, running view Index.
info: Microsoft.AspNetCore.Mvc.ViewFeatures.ViewResultExecutor[4]
      Executed ViewResult - view Index executed in 8.09ms.
info: Microsoft.AspNetCore.Mvc.Infrastructure.ControllerActionInvoker[105]
      Executed action PhoneBook.Controllers.HomeController.Index (PhoneBook) in 12.6079ms
info: Microsoft.AspNetCore.Routing.EndpointMiddleware[1]
      Executed endpoint 'PhoneBook.Controllers.HomeController.Index (PhoneBook)'
info: Microsoft.AspNetCore.Hosting.Diagnostics[2]
      Request finished HTTP/2 GET https://localhost:44364/ - 200 - text/html;+charset=utf-8 29.0973ms
info: Microsoft.AspNetCore.Hosting.Diagnostics[1]
      Request starting HTTP/2 GET https://localhost:44364/_vs/browserLink - - -
info: Microsoft.AspNetCore.Hosting.Diagnostics[1]
      Request starting HTTP/2 GET https://localhost:44364/_framework/aspnetcore-browser-refresh.js - - -
info: Microsoft.AspNetCore.Hosting.Diagnostics[2]
      Request finished HTTP/2 GET https://localhost:44364/_framework/aspnetcore-browser-refresh.js - 200 16503 application/javascript;+charset=utf-8 3.4456ms
info: Microsoft.AspNetCore.Hosting.Diagnostics[1]
      Request starting HTTP/2 GET https://localhost:44364/.well-known/appspecific/com.chrome.devtools.json - - -
warn: Microsoft.AspNetCore.Session.SessionMiddleware[7]
      Error unprotecting the session cookie.
      System.Security.Cryptography.CryptographicException: The payload was invalid. For more information go to https://aka.ms/aspnet/dataprotectionwarning
         at Microsoft.AspNetCore.DataProtection.Cng.CbcAuthenticatedEncryptor.DecryptImpl(Byte* pbCiphertext, UInt32 cbCiphertext, Byte* pbAdditionalAuthenticatedData, UInt32 cbAdditionalAuthenticatedData)
         at Microsoft.AspNetCore.DataProtection.Cng.Internal.CngAuthenticatedEncryptorBase.Decrypt(ArraySegment`1 ciphertext, ArraySegment`1 additionalAuthenticatedData)
         at Microsoft.AspNetCore.DataProtection.KeyManagement.KeyRingBasedDataProtector.UnprotectCore(Byte[] protectedData, Boolean allowOperationsOnRevokedKeys, UnprotectStatus& status)
         at Microsoft.AspNetCore.DataProtection.KeyManagement.KeyRingBasedDataProtector.Unprotect(Byte[] protectedData)
         at Microsoft.AspNetCore.Session.CookieProtection.Unprotect(IDataProtector protector, String protectedText, ILogger logger)
info: Microsoft.AspNetCore.Hosting.Diagnostics[2]
      Request finished HTTP/2 GET https://localhost:44364/.well-known/appspecific/com.chrome.devtools.json - 404 - - 7.1736ms
info: Microsoft.AspNetCore.Hosting.Diagnostics[16]
      Request reached the end of the middleware pipeline without being handled by application code. Request path: GET https://localhost:44364/.well-known/appspecific/com.chrome.devtools.json, Response status code: 404
info: Microsoft.AspNetCore.Hosting.Diagnostics[2]
      Request finished HTTP/2 GET https://localhost:44364/_vs/browserLink - 200 - text/javascript;+charset=UTF-8 30.1702ms
info: Microsoft.AspNetCore.Hosting.Diagnostics[1]
      Request starting HTTP/2 GET https://localhost:44364/lib/kendo/js/kendo.aspnetmvc.min.js.map - - -
info: Microsoft.AspNetCore.Hosting.Diagnostics[1]
      Request starting HTTP/2 GET https://localhost:44364/lib/kendo/js/kendo.all.min.js.map - - -
warn: Microsoft.AspNetCore.Session.SessionMiddleware[7]
      Error unprotecting the session cookie.
      System.Security.Cryptography.CryptographicException: The payload was invalid. For more information go to https://aka.ms/aspnet/dataprotectionwarning
         at Microsoft.AspNetCore.DataProtection.Cng.CbcAuthenticatedEncryptor.DecryptImpl(Byte* pbCiphertext, UInt32 cbCiphertext, Byte* pbAdditionalAuthenticatedData, UInt32 cbAdditionalAuthenticatedData)
         at Microsoft.AspNetCore.DataProtection.Cng.Internal.CngAuthenticatedEncryptorBase.Decrypt(ArraySegment`1 ciphertext, ArraySegment`1 additionalAuthenticatedData)
         at Microsoft.AspNetCore.DataProtection.KeyManagement.KeyRingBasedDataProtector.UnprotectCore(Byte[] protectedData, Boolean allowOperationsOnRevokedKeys, UnprotectStatus& status)
         at Microsoft.AspNetCore.DataProtection.KeyManagement.KeyRingBasedDataProtector.Unprotect(Byte[] protectedData)
         at Microsoft.AspNetCore.Session.CookieProtection.Unprotect(IDataProtector protector, String protectedText, ILogger logger)
warn: Microsoft.AspNetCore.Session.SessionMiddleware[7]
      Error unprotecting the session cookie.
      System.Security.Cryptography.CryptographicException: The payload was invalid. For more information go to https://aka.ms/aspnet/dataprotectionwarning
         at Microsoft.AspNetCore.DataProtection.Cng.CbcAuthenticatedEncryptor.DecryptImpl(Byte* pbCiphertext, UInt32 cbCiphertext, Byte* pbAdditionalAuthenticatedData, UInt32 cbAdditionalAuthenticatedData)
         at Microsoft.AspNetCore.DataProtection.Cng.Internal.CngAuthenticatedEncryptorBase.Decrypt(ArraySegment`1 ciphertext, ArraySegment`1 additionalAuthenticatedData)
         at Microsoft.AspNetCore.DataProtection.KeyManagement.KeyRingBasedDataProtector.UnprotectCore(Byte[] protectedData, Boolean allowOperationsOnRevokedKeys, UnprotectStatus& status)
         at Microsoft.AspNetCore.DataProtection.KeyManagement.KeyRingBasedDataProtector.Unprotect(Byte[] protectedData)
         at Microsoft.AspNetCore.Session.CookieProtection.Unprotect(IDataProtector protector, String protectedText, ILogger logger)
info: Microsoft.AspNetCore.Hosting.Diagnostics[2]
      Request finished HTTP/2 GET https://localhost:44364/lib/kendo/js/kendo.all.min.js.map - 404 - - 7.7188ms
info: Microsoft.AspNetCore.Hosting.Diagnostics[2]
      Request finished HTTP/2 GET https://localhost:44364/lib/kendo/js/kendo.aspnetmvc.min.js.map - 404 - - 8.4066ms
info: Microsoft.AspNetCore.Hosting.Diagnostics[16]
      Request reached the end of the middleware pipeline without being handled by application code. Request path: GET https://localhost:44364/lib/kendo/js/kendo.all.min.js.map, Response status code: 404
info: Microsoft.AspNetCore.Hosting.Diagnostics[16]
      Request reached the end of the middleware pipeline without being handled by application code. Request path: GET https://localhost:44364/lib/kendo/js/kendo.aspnetmvc.min.js.map, Response status code: 404
info: Microsoft.AspNetCore.Hosting.Diagnostics[1]
      Request starting HTTP/2 GET https://localhost:44364/Home/GetDepartments - - -
warn: Microsoft.AspNetCore.Session.SessionMiddleware[7]
      Error unprotecting the session cookie.
      System.Security.Cryptography.CryptographicException: The payload was invalid. For more information go to https://aka.ms/aspnet/dataprotectionwarning
         at Microsoft.AspNetCore.DataProtection.Cng.CbcAuthenticatedEncryptor.DecryptImpl(Byte* pbCiphertext, UInt32 cbCiphertext, Byte* pbAdditionalAuthenticatedData, UInt32 cbAdditionalAuthenticatedData)
         at Microsoft.AspNetCore.DataProtection.Cng.Internal.CngAuthenticatedEncryptorBase.Decrypt(ArraySegment`1 ciphertext, ArraySegment`1 additionalAuthenticatedData)
         at Microsoft.AspNetCore.DataProtection.KeyManagement.KeyRingBasedDataProtector.UnprotectCore(Byte[] protectedData, Boolean allowOperationsOnRevokedKeys, UnprotectStatus& status)
         at Microsoft.AspNetCore.DataProtection.KeyManagement.KeyRingBasedDataProtector.Unprotect(Byte[] protectedData)
         at Microsoft.AspNetCore.Session.CookieProtection.Unprotect(IDataProtector protector, String protectedText, ILogger logger)
info: Microsoft.AspNetCore.Routing.EndpointMiddleware[0]
      Executing endpoint 'PhoneBook.Controllers.HomeController.GetDepartments (PhoneBook)'
info: Microsoft.AspNetCore.Mvc.Infrastructure.ControllerActionInvoker[102]
      Route matched with {action = "GetDepartments", controller = "Home"}. Executing controller action with signature System.Threading.Tasks.Task`1[Microsoft.AspNetCore.Mvc.IActionResult] GetDepartments() on controller PhoneBook.Controllers.HomeController (PhoneBook).
info: Microsoft.AspNetCore.Mvc.Infrastructure.SystemTextJsonResultExecutor[1]
      Executing JsonResult, writing value of type 'System.Linq.Enumerable+SelectListIterator`2[[PhoneBook.Models.Department, PhoneBook, Version=1.0.0.0, Culture=neutral, PublicKeyToken=null],[<>f__AnonymousType2`5[[System.Int32, System.Private.CoreLib, Version=8.0.0.0, Culture=neutral, PublicKeyToken=7cec85d7bea7798e],[System.String, System.Private.CoreLib, Version=8.0.0.0, Culture=neutral, PublicKeyToken=7cec85d7bea7798e],[System.Int32, System.Private.CoreLib, Version=8.0.0.0, Culture=neutral, PublicKeyToken=7cec85d7bea7798e],[System.Boolean, System.Private.CoreLib, Version=8.0.0.0, Culture=neutral, PublicKeyToken=7cec85d7bea7798e],[System.Collections.Generic.List`1[[System.Object, System.Private.CoreLib, Version=8.0.0.0, Culture=neutral, PublicKeyToken=7cec85d7bea7798e]], System.Private.CoreLib, Version=8.0.0.0, Culture=neutral, PublicKeyToken=7cec85d7bea7798e]], PhoneBook, Version=1.0.0.0, Culture=neutral, PublicKeyToken=null]]'.
info: Microsoft.AspNetCore.Mvc.Infrastructure.ControllerActionInvoker[105]
      Executed action PhoneBook.Controllers.HomeController.GetDepartments (PhoneBook) in 6.1549ms
info: Microsoft.AspNetCore.Routing.EndpointMiddleware[1]
      Executed endpoint 'PhoneBook.Controllers.HomeController.GetDepartments (PhoneBook)'
info: Microsoft.AspNetCore.Hosting.Diagnostics[2]
      Request finished HTTP/2 GET https://localhost:44364/Home/GetDepartments - 200 - application/json;+charset=utf-8 16.0605ms
info: Microsoft.AspNetCore.Hosting.Diagnostics[1]
      Request starting HTTP/2 GET https://localhost:44364/Home/GetAllEmployees?sort=&group=&filter= - - -
warn: Microsoft.AspNetCore.Session.SessionMiddleware[7]
      Error unprotecting the session cookie.
      System.Security.Cryptography.CryptographicException: The payload was invalid. For more information go to https://aka.ms/aspnet/dataprotectionwarning
         at Microsoft.AspNetCore.DataProtection.Cng.CbcAuthenticatedEncryptor.DecryptImpl(Byte* pbCiphertext, UInt32 cbCiphertext, Byte* pbAdditionalAuthenticatedData, UInt32 cbAdditionalAuthenticatedData)
         at Microsoft.AspNetCore.DataProtection.Cng.Internal.CngAuthenticatedEncryptorBase.Decrypt(ArraySegment`1 ciphertext, ArraySegment`1 additionalAuthenticatedData)
         at Microsoft.AspNetCore.DataProtection.KeyManagement.KeyRingBasedDataProtector.UnprotectCore(Byte[] protectedData, Boolean allowOperationsOnRevokedKeys, UnprotectStatus& status)
         at Microsoft.AspNetCore.DataProtection.KeyManagement.KeyRingBasedDataProtector.Unprotect(Byte[] protectedData)
         at Microsoft.AspNetCore.Session.CookieProtection.Unprotect(IDataProtector protector, String protectedText, ILogger logger)
info: Microsoft.AspNetCore.Routing.EndpointMiddleware[0]
      Executing endpoint 'PhoneBook.Controllers.HomeController.GetAllEmployees (PhoneBook)'
info: Microsoft.AspNetCore.Mvc.Infrastructure.ControllerActionInvoker[102]
      Route matched with {action = "GetAllEmployees", controller = "Home"}. Executing controller action with signature System.Threading.Tasks.Task`1[Microsoft.AspNetCore.Mvc.IActionResult] GetAllEmployees() on controller PhoneBook.Controllers.HomeController (PhoneBook).
info: Microsoft.AspNetCore.Hosting.Diagnostics[1]
      Request starting HTTP/2 GET https://localhost:44364/Home/GetDepartments - - -
info: Microsoft.AspNetCore.Hosting.Diagnostics[1]
      Request starting HTTP/2 GET https://localhost:44364/api/Note/list - - -
warn: Microsoft.AspNetCore.Session.SessionMiddleware[7]
      Error unprotecting the session cookie.
      System.Security.Cryptography.CryptographicException: The payload was invalid. For more information go to https://aka.ms/aspnet/dataprotectionwarning
         at Microsoft.AspNetCore.DataProtection.Cng.CbcAuthenticatedEncryptor.DecryptImpl(Byte* pbCiphertext, UInt32 cbCiphertext, Byte* pbAdditionalAuthenticatedData, UInt32 cbAdditionalAuthenticatedData)
         at Microsoft.AspNetCore.DataProtection.Cng.Internal.CngAuthenticatedEncryptorBase.Decrypt(ArraySegment`1 ciphertext, ArraySegment`1 additionalAuthenticatedData)
         at Microsoft.AspNetCore.DataProtection.KeyManagement.KeyRingBasedDataProtector.UnprotectCore(Byte[] protectedData, Boolean allowOperationsOnRevokedKeys, UnprotectStatus& status)
         at Microsoft.AspNetCore.DataProtection.KeyManagement.KeyRingBasedDataProtector.Unprotect(Byte[] protectedData)
         at Microsoft.AspNetCore.Session.CookieProtection.Unprotect(IDataProtector protector, String protectedText, ILogger logger)
warn: Microsoft.AspNetCore.Session.SessionMiddleware[7]
      Error unprotecting the session cookie.
      System.Security.Cryptography.CryptographicException: The payload was invalid. For more information go to https://aka.ms/aspnet/dataprotectionwarning
         at Microsoft.AspNetCore.DataProtection.Cng.CbcAuthenticatedEncryptor.DecryptImpl(Byte* pbCiphertext, UInt32 cbCiphertext, Byte* pbAdditionalAuthenticatedData, UInt32 cbAdditionalAuthenticatedData)
         at Microsoft.AspNetCore.DataProtection.Cng.Internal.CngAuthenticatedEncryptorBase.Decrypt(ArraySegment`1 ciphertext, ArraySegment`1 additionalAuthenticatedData)
         at Microsoft.AspNetCore.DataProtection.KeyManagement.KeyRingBasedDataProtector.UnprotectCore(Byte[] protectedData, Boolean allowOperationsOnRevokedKeys, UnprotectStatus& status)
         at Microsoft.AspNetCore.DataProtection.KeyManagement.KeyRingBasedDataProtector.Unprotect(Byte[] protectedData)
         at Microsoft.AspNetCore.Session.CookieProtection.Unprotect(IDataProtector protector, String protectedText, ILogger logger)
info: Microsoft.AspNetCore.Routing.EndpointMiddleware[0]
      Executing endpoint 'PhoneBook.Controllers.HomeController.GetDepartments (PhoneBook)'
info: Microsoft.AspNetCore.Mvc.Infrastructure.ControllerActionInvoker[102]
      Route matched with {action = "GetDepartments", controller = "Home"}. Executing controller action with signature System.Threading.Tasks.Task`1[Microsoft.AspNetCore.Mvc.IActionResult] GetDepartments() on controller PhoneBook.Controllers.HomeController (PhoneBook).
info: Microsoft.AspNetCore.Routing.EndpointMiddleware[0]
      Executing endpoint 'PhoneBook.Controllers.NoteController.GetNotes (PhoneBook)'
info: Microsoft.AspNetCore.Mvc.Infrastructure.ControllerActionInvoker[102]
      Route matched with {action = "GetNotes", controller = "Note"}. Executing controller action with signature System.Threading.Tasks.Task`1[Microsoft.AspNetCore.Mvc.IActionResult] GetNotes() on controller PhoneBook.Controllers.NoteController (PhoneBook).
info: Microsoft.AspNetCore.Mvc.Infrastructure.SystemTextJsonResultExecutor[1]
      Executing JsonResult, writing value of type 'System.Linq.Enumerable+SelectListIterator`2[[PhoneBook.Models.Department, PhoneBook, Version=1.0.0.0, Culture=neutral, PublicKeyToken=null],[<>f__AnonymousType2`5[[System.Int32, System.Private.CoreLib, Version=8.0.0.0, Culture=neutral, PublicKeyToken=7cec85d7bea7798e],[System.String, System.Private.CoreLib, Version=8.0.0.0, Culture=neutral, PublicKeyToken=7cec85d7bea7798e],[System.Int32, System.Private.CoreLib, Version=8.0.0.0, Culture=neutral, PublicKeyToken=7cec85d7bea7798e],[System.Boolean, System.Private.CoreLib, Version=8.0.0.0, Culture=neutral, PublicKeyToken=7cec85d7bea7798e],[System.Collections.Generic.List`1[[System.Object, System.Private.CoreLib, Version=8.0.0.0, Culture=neutral, PublicKeyToken=7cec85d7bea7798e]], System.Private.CoreLib, Version=8.0.0.0, Culture=neutral, PublicKeyToken=7cec85d7bea7798e]], PhoneBook, Version=1.0.0.0, Culture=neutral, PublicKeyToken=null]]'.
info: Microsoft.AspNetCore.Mvc.Infrastructure.ObjectResultExecutor[1]
      Executing OkObjectResult, writing value of type 'System.Collections.Generic.List`1[[PhoneBook.Models.Note, PhoneBook, Version=1.0.0.0, Culture=neutral, PublicKeyToken=null]]'.
info: Microsoft.AspNetCore.Mvc.Infrastructure.ControllerActionInvoker[105]
      Executed action PhoneBook.Controllers.NoteController.GetNotes (PhoneBook) in 45.3447ms
info: Microsoft.AspNetCore.Mvc.Infrastructure.ControllerActionInvoker[105]
      Executed action PhoneBook.Controllers.HomeController.GetDepartments (PhoneBook) in 50.1347ms
info: Microsoft.AspNetCore.Routing.EndpointMiddleware[1]
      Executed endpoint 'PhoneBook.Controllers.NoteController.GetNotes (PhoneBook)'
info: Microsoft.AspNetCore.Mvc.Infrastructure.SystemTextJsonResultExecutor[1]
      Executing JsonResult, writing value of type 'System.Collections.Generic.List`1[[PhoneBook.Models.Employee, PhoneBook, Version=1.0.0.0, Culture=neutral, PublicKeyToken=null]]'.
info: Microsoft.AspNetCore.Routing.EndpointMiddleware[1]
      Executed endpoint 'PhoneBook.Controllers.HomeController.GetDepartments (PhoneBook)'
info: Microsoft.AspNetCore.Hosting.Diagnostics[2]
      Request finished HTTP/2 GET https://localhost:44364/api/Note/list - 200 - application/json;+charset=utf-8 122.3403ms
info: Microsoft.AspNetCore.Hosting.Diagnostics[2]
      Request finished HTTP/2 GET https://localhost:44364/Home/GetDepartments - 200 - application/json;+charset=utf-8 123.8982ms
info: Microsoft.AspNetCore.Mvc.Infrastructure.ControllerActionInvoker[105]
      Executed action PhoneBook.Controllers.HomeController.GetAllEmployees (PhoneBook) in 134.2056ms
info: Microsoft.AspNetCore.Routing.EndpointMiddleware[1]
      Executed endpoint 'PhoneBook.Controllers.HomeController.GetAllEmployees (PhoneBook)'
info: Microsoft.AspNetCore.Hosting.Diagnostics[2]
      Request finished HTTP/2 GET https://localhost:44364/Home/GetAllEmployees?sort=&group=&filter= - 200 - application/json;+charset=utf-8 145.1312ms
info: Microsoft.AspNetCore.Hosting.Diagnostics[1]
      Request starting HTTP/2 GET https://localhost:44364/Home/GetEmployeesByDepartment?departmentId=0 - - -
warn: Microsoft.AspNetCore.Session.SessionMiddleware[7]
      Error unprotecting the session cookie.
      System.Security.Cryptography.CryptographicException: The payload was invalid. For more information go to https://aka.ms/aspnet/dataprotectionwarning
         at Microsoft.AspNetCore.DataProtection.Cng.CbcAuthenticatedEncryptor.DecryptImpl(Byte* pbCiphertext, UInt32 cbCiphertext, Byte* pbAdditionalAuthenticatedData, UInt32 cbAdditionalAuthenticatedData)
         at Microsoft.AspNetCore.DataProtection.Cng.Internal.CngAuthenticatedEncryptorBase.Decrypt(ArraySegment`1 ciphertext, ArraySegment`1 additionalAuthenticatedData)
         at Microsoft.AspNetCore.DataProtection.KeyManagement.KeyRingBasedDataProtector.UnprotectCore(Byte[] protectedData, Boolean allowOperationsOnRevokedKeys, UnprotectStatus& status)
         at Microsoft.AspNetCore.DataProtection.KeyManagement.KeyRingBasedDataProtector.Unprotect(Byte[] protectedData)
         at Microsoft.AspNetCore.Session.CookieProtection.Unprotect(IDataProtector protector, String protectedText, ILogger logger)
info: Microsoft.AspNetCore.Routing.EndpointMiddleware[0]
      Executing endpoint 'PhoneBook.Controllers.HomeController.GetEmployeesByDepartment (PhoneBook)'
info: Microsoft.AspNetCore.Mvc.Infrastructure.ControllerActionInvoker[102]
      Route matched with {action = "GetEmployeesByDepartment", controller = "Home"}. Executing controller action with signature System.Threading.Tasks.Task`1[Microsoft.AspNetCore.Mvc.IActionResult] GetEmployeesByDepartment(Int32) on controller PhoneBook.Controllers.HomeController (PhoneBook).
info: Microsoft.AspNetCore.Mvc.Infrastructure.SystemTextJsonResultExecutor[1]
      Executing JsonResult, writing value of type 'System.Collections.Generic.List`1[[PhoneBook.Models.Employee, PhoneBook, Version=1.0.0.0, Culture=neutral, PublicKeyToken=null]]'.
info: Microsoft.AspNetCore.Hosting.Diagnostics[1]
      Request starting HTTP/2 GET https://localhost:44364/Home/GetEmployeesByDepartment?departmentId=0 - - -
warn: Microsoft.AspNetCore.Session.SessionMiddleware[7]
      Error unprotecting the session cookie.
      System.Security.Cryptography.CryptographicException: The payload was invalid. For more information go to https://aka.ms/aspnet/dataprotectionwarning
         at Microsoft.AspNetCore.DataProtection.Cng.CbcAuthenticatedEncryptor.DecryptImpl(Byte* pbCiphertext, UInt32 cbCiphertext, Byte* pbAdditionalAuthenticatedData, UInt32 cbAdditionalAuthenticatedData)
         at Microsoft.AspNetCore.DataProtection.Cng.Internal.CngAuthenticatedEncryptorBase.Decrypt(ArraySegment`1 ciphertext, ArraySegment`1 additionalAuthenticatedData)
         at Microsoft.AspNetCore.DataProtection.KeyManagement.KeyRingBasedDataProtector.UnprotectCore(Byte[] protectedData, Boolean allowOperationsOnRevokedKeys, UnprotectStatus& status)
         at Microsoft.AspNetCore.DataProtection.KeyManagement.KeyRingBasedDataProtector.Unprotect(Byte[] protectedData)
         at Microsoft.AspNetCore.Session.CookieProtection.Unprotect(IDataProtector protector, String protectedText, ILogger logger)
info: Microsoft.AspNetCore.Routing.EndpointMiddleware[0]
      Executing endpoint 'PhoneBook.Controllers.HomeController.GetEmployeesByDepartment (PhoneBook)'
info: Microsoft.AspNetCore.Mvc.Infrastructure.ControllerActionInvoker[105]
      Executed action PhoneBook.Controllers.HomeController.GetEmployeesByDepartment (PhoneBook) in 38.9614ms
info: Microsoft.AspNetCore.Mvc.Infrastructure.ControllerActionInvoker[102]
      Route matched with {action = "GetEmployeesByDepartment", controller = "Home"}. Executing controller action with signature System.Threading.Tasks.Task`1[Microsoft.AspNetCore.Mvc.IActionResult] GetEmployeesByDepartment(Int32) on controller PhoneBook.Controllers.HomeController (PhoneBook).
info: Microsoft.AspNetCore.Routing.EndpointMiddleware[1]
      Executed endpoint 'PhoneBook.Controllers.HomeController.GetEmployeesByDepartment (PhoneBook)'
info: Microsoft.AspNetCore.Hosting.Diagnostics[2]
      Request finished HTTP/2 GET https://localhost:44364/Home/GetEmployeesByDepartment?departmentId=0 - 200 - application/json;+charset=utf-8 53.1925ms
info: Microsoft.AspNetCore.Mvc.Infrastructure.SystemTextJsonResultExecutor[1]
      Executing JsonResult, writing value of type 'System.Collections.Generic.List`1[[PhoneBook.Models.Employee, PhoneBook, Version=1.0.0.0, Culture=neutral, PublicKeyToken=null]]'.
info: Microsoft.AspNetCore.Mvc.Infrastructure.ControllerActionInvoker[105]
      Executed action PhoneBook.Controllers.HomeController.GetEmployeesByDepartment (PhoneBook) in 35.6251ms
info: Microsoft.AspNetCore.Routing.EndpointMiddleware[1]
      Executed endpoint 'PhoneBook.Controllers.HomeController.GetEmployeesByDepartment (PhoneBook)'
info: Microsoft.AspNetCore.Hosting.Diagnostics[2]
      Request finished HTTP/2 GET https://localhost:44364/Home/GetEmployeesByDepartment?departmentId=0 - 200 - application/json;+charset=utf-8 48.4002ms
info: Microsoft.AspNetCore.Hosting.Diagnostics[1]
      Request starting HTTP/2 POST https://localhost:44364/Account/Logout - application/json 0
warn: Microsoft.AspNetCore.Session.SessionMiddleware[7]
      Error unprotecting the session cookie.
      System.Security.Cryptography.CryptographicException: The payload was invalid. For more information go to https://aka.ms/aspnet/dataprotectionwarning
         at Microsoft.AspNetCore.DataProtection.Cng.CbcAuthenticatedEncryptor.DecryptImpl(Byte* pbCiphertext, UInt32 cbCiphertext, Byte* pbAdditionalAuthenticatedData, UInt32 cbAdditionalAuthenticatedData)
         at Microsoft.AspNetCore.DataProtection.Cng.Internal.CngAuthenticatedEncryptorBase.Decrypt(ArraySegment`1 ciphertext, ArraySegment`1 additionalAuthenticatedData)
         at Microsoft.AspNetCore.DataProtection.KeyManagement.KeyRingBasedDataProtector.UnprotectCore(Byte[] protectedData, Boolean allowOperationsOnRevokedKeys, UnprotectStatus& status)
         at Microsoft.AspNetCore.DataProtection.KeyManagement.KeyRingBasedDataProtector.Unprotect(Byte[] protectedData)
         at Microsoft.AspNetCore.Session.CookieProtection.Unprotect(IDataProtector protector, String protectedText, ILogger logger)
info: Microsoft.AspNetCore.Routing.EndpointMiddleware[0]
      Executing endpoint 'PhoneBook.Controllers.AccountController.Logout (PhoneBook)'
info: Microsoft.AspNetCore.Mvc.Infrastructure.ControllerActionInvoker[102]
      Route matched with {action = "Logout", controller = "Account"}. Executing controller action with signature System.Threading.Tasks.Task`1[Microsoft.AspNetCore.Mvc.IActionResult] Logout() on controller PhoneBook.Controllers.AccountController (PhoneBook).
info: Microsoft.AspNetCore.Mvc.ViewFeatures.Filters.ValidateAntiforgeryTokenAuthorizationFilter[1]
      Antiforgery token validation failed. The required antiforgery header value "RequestVerificationToken" is not present.
      Microsoft.AspNetCore.Antiforgery.AntiforgeryValidationException: The required antiforgery header value "RequestVerificationToken" is not present.
         at Microsoft.AspNetCore.Antiforgery.DefaultAntiforgery.ValidateRequestAsync(HttpContext httpContext)
         at Microsoft.AspNetCore.Mvc.ViewFeatures.Filters.ValidateAntiforgeryTokenAuthorizationFilter.OnAuthorizationAsync(AuthorizationFilterContext context)
info: Microsoft.AspNetCore.Mvc.Infrastructure.ControllerActionInvoker[3]
      Authorization failed for the request at filter 'Microsoft.AspNetCore.Mvc.ViewFeatures.Filters.ValidateAntiforgeryTokenAuthorizationFilter'.
info: Microsoft.AspNetCore.Mvc.StatusCodeResult[1]
      Executing StatusCodeResult, setting HTTP status code 400
info: Microsoft.AspNetCore.Mvc.Infrastructure.ControllerActionInvoker[105]
      Executed action PhoneBook.Controllers.AccountController.Logout (PhoneBook) in 11.1455ms
info: Microsoft.AspNetCore.Routing.EndpointMiddleware[1]
      Executed endpoint 'PhoneBook.Controllers.AccountController.Logout (PhoneBook)'
info: Microsoft.AspNetCore.Hosting.Diagnostics[2]
      Request finished HTTP/2 POST https://localhost:44364/Account/Logout - 400 - - 31.2649ms
info: Microsoft.AspNetCore.Hosting.Diagnostics[1]
      Request starting HTTP/2 POST https://localhost:44364/Account/Logout - application/json 0
warn: Microsoft.AspNetCore.Session.SessionMiddleware[7]
      Error unprotecting the session cookie.
      System.Security.Cryptography.CryptographicException: The payload was invalid. For more information go to https://aka.ms/aspnet/dataprotectionwarning
         at Microsoft.AspNetCore.DataProtection.Cng.CbcAuthenticatedEncryptor.DecryptImpl(Byte* pbCiphertext, UInt32 cbCiphertext, Byte* pbAdditionalAuthenticatedData, UInt32 cbAdditionalAuthenticatedData)
         at Microsoft.AspNetCore.DataProtection.Cng.Internal.CngAuthenticatedEncryptorBase.Decrypt(ArraySegment`1 ciphertext, ArraySegment`1 additionalAuthenticatedData)
         at Microsoft.AspNetCore.DataProtection.KeyManagement.KeyRingBasedDataProtector.UnprotectCore(Byte[] protectedData, Boolean allowOperationsOnRevokedKeys, UnprotectStatus& status)
         at Microsoft.AspNetCore.DataProtection.KeyManagement.KeyRingBasedDataProtector.Unprotect(Byte[] protectedData)
         at Microsoft.AspNetCore.Session.CookieProtection.Unprotect(IDataProtector protector, String protectedText, ILogger logger)
info: Microsoft.AspNetCore.Routing.EndpointMiddleware[0]
      Executing endpoint 'PhoneBook.Controllers.AccountController.Logout (PhoneBook)'
info: Microsoft.AspNetCore.Mvc.Infrastructure.ControllerActionInvoker[102]
      Route matched with {action = "Logout", controller = "Account"}. Executing controller action with signature System.Threading.Tasks.Task`1[Microsoft.AspNetCore.Mvc.IActionResult] Logout() on controller PhoneBook.Controllers.AccountController (PhoneBook).
info: Microsoft.AspNetCore.Mvc.ViewFeatures.Filters.ValidateAntiforgeryTokenAuthorizationFilter[1]
      Antiforgery token validation failed. The required antiforgery header value "RequestVerificationToken" is not present.
      Microsoft.AspNetCore.Antiforgery.AntiforgeryValidationException: The required antiforgery header value "RequestVerificationToken" is not present.
         at Microsoft.AspNetCore.Antiforgery.DefaultAntiforgery.ValidateRequestAsync(HttpContext httpContext)
         at Microsoft.AspNetCore.Mvc.ViewFeatures.Filters.ValidateAntiforgeryTokenAuthorizationFilter.OnAuthorizationAsync(AuthorizationFilterContext context)
info: Microsoft.AspNetCore.Mvc.Infrastructure.ControllerActionInvoker[3]
      Authorization failed for the request at filter 'Microsoft.AspNetCore.Mvc.ViewFeatures.Filters.ValidateAntiforgeryTokenAuthorizationFilter'.
info: Microsoft.AspNetCore.Mvc.StatusCodeResult[1]
      Executing StatusCodeResult, setting HTTP status code 400
info: Microsoft.AspNetCore.Mvc.Infrastructure.ControllerActionInvoker[105]
      Executed action PhoneBook.Controllers.AccountController.Logout (PhoneBook) in 6.2053ms
info: Microsoft.AspNetCore.Routing.EndpointMiddleware[1]
      Executed endpoint 'PhoneBook.Controllers.AccountController.Logout (PhoneBook)'
info: Microsoft.AspNetCore.Hosting.Diagnostics[2]
      Request finished HTTP/2 POST https://localhost:44364/Account/Logout - 400 - - 19.5103ms
info: Microsoft.AspNetCore.Hosting.Diagnostics[1]
      Request starting HTTP/2 POST https://localhost:44364/Account/Logout - application/json 0
warn: Microsoft.AspNetCore.Session.SessionMiddleware[7]
      Error unprotecting the session cookie.
      System.Security.Cryptography.CryptographicException: The payload was invalid. For more information go to https://aka.ms/aspnet/dataprotectionwarning
         at Microsoft.AspNetCore.DataProtection.Cng.CbcAuthenticatedEncryptor.DecryptImpl(Byte* pbCiphertext, UInt32 cbCiphertext, Byte* pbAdditionalAuthenticatedData, UInt32 cbAdditionalAuthenticatedData)
         at Microsoft.AspNetCore.DataProtection.Cng.Internal.CngAuthenticatedEncryptorBase.Decrypt(ArraySegment`1 ciphertext, ArraySegment`1 additionalAuthenticatedData)
         at Microsoft.AspNetCore.DataProtection.KeyManagement.KeyRingBasedDataProtector.UnprotectCore(Byte[] protectedData, Boolean allowOperationsOnRevokedKeys, UnprotectStatus& status)
         at Microsoft.AspNetCore.DataProtection.KeyManagement.KeyRingBasedDataProtector.Unprotect(Byte[] protectedData)
         at Microsoft.AspNetCore.Session.CookieProtection.Unprotect(IDataProtector protector, String protectedText, ILogger logger)
info: Microsoft.AspNetCore.Routing.EndpointMiddleware[0]
      Executing endpoint 'PhoneBook.Controllers.AccountController.Logout (PhoneBook)'
info: Microsoft.AspNetCore.Mvc.Infrastructure.ControllerActionInvoker[102]
      Route matched with {action = "Logout", controller = "Account"}. Executing controller action with signature System.Threading.Tasks.Task`1[Microsoft.AspNetCore.Mvc.IActionResult] Logout() on controller PhoneBook.Controllers.AccountController (PhoneBook).
info: Microsoft.AspNetCore.Mvc.ViewFeatures.Filters.ValidateAntiforgeryTokenAuthorizationFilter[1]
      Antiforgery token validation failed. The required antiforgery header value "RequestVerificationToken" is not present.
      Microsoft.AspNetCore.Antiforgery.AntiforgeryValidationException: The required antiforgery header value "RequestVerificationToken" is not present.
         at Microsoft.AspNetCore.Antiforgery.DefaultAntiforgery.ValidateRequestAsync(HttpContext httpContext)
         at Microsoft.AspNetCore.Mvc.ViewFeatures.Filters.ValidateAntiforgeryTokenAuthorizationFilter.OnAuthorizationAsync(AuthorizationFilterContext context)
info: Microsoft.AspNetCore.Mvc.Infrastructure.ControllerActionInvoker[3]
      Authorization failed for the request at filter 'Microsoft.AspNetCore.Mvc.ViewFeatures.Filters.ValidateAntiforgeryTokenAuthorizationFilter'.
info: Microsoft.AspNetCore.Mvc.StatusCodeResult[1]
      Executing StatusCodeResult, setting HTTP status code 400
info: Microsoft.AspNetCore.Mvc.Infrastructure.ControllerActionInvoker[105]
      Executed action PhoneBook.Controllers.AccountController.Logout (PhoneBook) in 5.4331ms
info: Microsoft.AspNetCore.Routing.EndpointMiddleware[1]
      Executed endpoint 'PhoneBook.Controllers.AccountController.Logout (PhoneBook)'
info: Microsoft.AspNetCore.Hosting.Diagnostics[2]
      Request finished HTTP/2 POST https://localhost:44364/Account/Logout - 400 - - 19.3802ms
info: Microsoft.AspNetCore.Hosting.Diagnostics[1]
      Request starting HTTP/2 POST https://localhost:44364/Account/Logout - application/json 0
warn: Microsoft.AspNetCore.Session.SessionMiddleware[7]
      Error unprotecting the session cookie.
      System.Security.Cryptography.CryptographicException: The payload was invalid. For more information go to https://aka.ms/aspnet/dataprotectionwarning
         at Microsoft.AspNetCore.DataProtection.Cng.CbcAuthenticatedEncryptor.DecryptImpl(Byte* pbCiphertext, UInt32 cbCiphertext, Byte* pbAdditionalAuthenticatedData, UInt32 cbAdditionalAuthenticatedData)
         at Microsoft.AspNetCore.DataProtection.Cng.Internal.CngAuthenticatedEncryptorBase.Decrypt(ArraySegment`1 ciphertext, ArraySegment`1 additionalAuthenticatedData)
         at Microsoft.AspNetCore.DataProtection.KeyManagement.KeyRingBasedDataProtector.UnprotectCore(Byte[] protectedData, Boolean allowOperationsOnRevokedKeys, UnprotectStatus& status)
         at Microsoft.AspNetCore.DataProtection.KeyManagement.KeyRingBasedDataProtector.Unprotect(Byte[] protectedData)
         at Microsoft.AspNetCore.Session.CookieProtection.Unprotect(IDataProtector protector, String protectedText, ILogger logger)
info: Microsoft.AspNetCore.Routing.EndpointMiddleware[0]
      Executing endpoint 'PhoneBook.Controllers.AccountController.Logout (PhoneBook)'
info: Microsoft.AspNetCore.Mvc.Infrastructure.ControllerActionInvoker[102]
      Route matched with {action = "Logout", controller = "Account"}. Executing controller action with signature System.Threading.Tasks.Task`1[Microsoft.AspNetCore.Mvc.IActionResult] Logout() on controller PhoneBook.Controllers.AccountController (PhoneBook).
info: Microsoft.AspNetCore.Mvc.ViewFeatures.Filters.ValidateAntiforgeryTokenAuthorizationFilter[1]
      Antiforgery token validation failed. The required antiforgery header value "RequestVerificationToken" is not present.
      Microsoft.AspNetCore.Antiforgery.AntiforgeryValidationException: The required antiforgery header value "RequestVerificationToken" is not present.
         at Microsoft.AspNetCore.Antiforgery.DefaultAntiforgery.ValidateRequestAsync(HttpContext httpContext)
         at Microsoft.AspNetCore.Mvc.ViewFeatures.Filters.ValidateAntiforgeryTokenAuthorizationFilter.OnAuthorizationAsync(AuthorizationFilterContext context)
info: Microsoft.AspNetCore.Mvc.Infrastructure.ControllerActionInvoker[3]
      Authorization failed for the request at filter 'Microsoft.AspNetCore.Mvc.ViewFeatures.Filters.ValidateAntiforgeryTokenAuthorizationFilter'.
info: Microsoft.AspNetCore.Mvc.StatusCodeResult[1]
      Executing StatusCodeResult, setting HTTP status code 400
info: Microsoft.AspNetCore.Mvc.Infrastructure.ControllerActionInvoker[105]
      Executed action PhoneBook.Controllers.AccountController.Logout (PhoneBook) in 5.7501ms
info: Microsoft.AspNetCore.Routing.EndpointMiddleware[1]
      Executed endpoint 'PhoneBook.Controllers.AccountController.Logout (PhoneBook)'
info: Microsoft.AspNetCore.Hosting.Diagnostics[2]
      Request finished HTTP/2 POST https://localhost:44364/Account/Logout - 400 - - 20.7105ms
info: Microsoft.AspNetCore.Hosting.Diagnostics[1]
      Request starting HTTP/2 POST https://localhost:44364/Account/Logout - application/json 0
warn: Microsoft.AspNetCore.Session.SessionMiddleware[7]
      Error unprotecting the session cookie.
      System.Security.Cryptography.CryptographicException: The payload was invalid. For more information go to https://aka.ms/aspnet/dataprotectionwarning
         at Microsoft.AspNetCore.DataProtection.Cng.CbcAuthenticatedEncryptor.DecryptImpl(Byte* pbCiphertext, UInt32 cbCiphertext, Byte* pbAdditionalAuthenticatedData, UInt32 cbAdditionalAuthenticatedData)
         at Microsoft.AspNetCore.DataProtection.Cng.Internal.CngAuthenticatedEncryptorBase.Decrypt(ArraySegment`1 ciphertext, ArraySegment`1 additionalAuthenticatedData)
         at Microsoft.AspNetCore.DataProtection.KeyManagement.KeyRingBasedDataProtector.UnprotectCore(Byte[] protectedData, Boolean allowOperationsOnRevokedKeys, UnprotectStatus& status)
         at Microsoft.AspNetCore.DataProtection.KeyManagement.KeyRingBasedDataProtector.Unprotect(Byte[] protectedData)
         at Microsoft.AspNetCore.Session.CookieProtection.Unprotect(IDataProtector protector, String protectedText, ILogger logger)
info: Microsoft.AspNetCore.Routing.EndpointMiddleware[0]
      Executing endpoint 'PhoneBook.Controllers.AccountController.Logout (PhoneBook)'
info: Microsoft.AspNetCore.Mvc.Infrastructure.ControllerActionInvoker[102]
      Route matched with {action = "Logout", controller = "Account"}. Executing controller action with signature System.Threading.Tasks.Task`1[Microsoft.AspNetCore.Mvc.IActionResult] Logout() on controller PhoneBook.Controllers.AccountController (PhoneBook).
info: Microsoft.AspNetCore.Mvc.ViewFeatures.Filters.ValidateAntiforgeryTokenAuthorizationFilter[1]
      Antiforgery token validation failed. The required antiforgery header value "RequestVerificationToken" is not present.
      Microsoft.AspNetCore.Antiforgery.AntiforgeryValidationException: The required antiforgery header value "RequestVerificationToken" is not present.
         at Microsoft.AspNetCore.Antiforgery.DefaultAntiforgery.ValidateRequestAsync(HttpContext httpContext)
         at Microsoft.AspNetCore.Mvc.ViewFeatures.Filters.ValidateAntiforgeryTokenAuthorizationFilter.OnAuthorizationAsync(AuthorizationFilterContext context)
info: Microsoft.AspNetCore.Mvc.Infrastructure.ControllerActionInvoker[3]
      Authorization failed for the request at filter 'Microsoft.AspNetCore.Mvc.ViewFeatures.Filters.ValidateAntiforgeryTokenAuthorizationFilter'.
info: Microsoft.AspNetCore.Mvc.StatusCodeResult[1]
      Executing StatusCodeResult, setting HTTP status code 400
info: Microsoft.AspNetCore.Mvc.Infrastructure.ControllerActionInvoker[105]
      Executed action PhoneBook.Controllers.AccountController.Logout (PhoneBook) in 4.936ms
info: Microsoft.AspNetCore.Routing.EndpointMiddleware[1]
      Executed endpoint 'PhoneBook.Controllers.AccountController.Logout (PhoneBook)'
info: Microsoft.AspNetCore.Hosting.Diagnostics[2]
      Request finished HTTP/2 POST https://localhost:44364/Account/Logout - 400 - - 17.5579ms
info: Microsoft.AspNetCore.Hosting.Diagnostics[1]
      Request starting HTTP/2 POST https://localhost:44364/Account/Logout - application/json 0
warn: Microsoft.AspNetCore.Session.SessionMiddleware[7]
      Error unprotecting the session cookie.
      System.Security.Cryptography.CryptographicException: The payload was invalid. For more information go to https://aka.ms/aspnet/dataprotectionwarning
         at Microsoft.AspNetCore.DataProtection.Cng.CbcAuthenticatedEncryptor.DecryptImpl(Byte* pbCiphertext, UInt32 cbCiphertext, Byte* pbAdditionalAuthenticatedData, UInt32 cbAdditionalAuthenticatedData)
         at Microsoft.AspNetCore.DataProtection.Cng.Internal.CngAuthenticatedEncryptorBase.Decrypt(ArraySegment`1 ciphertext, ArraySegment`1 additionalAuthenticatedData)
         at Microsoft.AspNetCore.DataProtection.KeyManagement.KeyRingBasedDataProtector.UnprotectCore(Byte[] protectedData, Boolean allowOperationsOnRevokedKeys, UnprotectStatus& status)
         at Microsoft.AspNetCore.DataProtection.KeyManagement.KeyRingBasedDataProtector.Unprotect(Byte[] protectedData)
         at Microsoft.AspNetCore.Session.CookieProtection.Unprotect(IDataProtector protector, String protectedText, ILogger logger)
info: Microsoft.AspNetCore.Routing.EndpointMiddleware[0]
      Executing endpoint 'PhoneBook.Controllers.AccountController.Logout (PhoneBook)'
info: Microsoft.AspNetCore.Mvc.Infrastructure.ControllerActionInvoker[102]
      Route matched with {action = "Logout", controller = "Account"}. Executing controller action with signature System.Threading.Tasks.Task`1[Microsoft.AspNetCore.Mvc.IActionResult] Logout() on controller PhoneBook.Controllers.AccountController (PhoneBook).
info: Microsoft.AspNetCore.Mvc.ViewFeatures.Filters.ValidateAntiforgeryTokenAuthorizationFilter[1]
      Antiforgery token validation failed. The required antiforgery header value "RequestVerificationToken" is not present.
      Microsoft.AspNetCore.Antiforgery.AntiforgeryValidationException: The required antiforgery header value "RequestVerificationToken" is not present.
         at Microsoft.AspNetCore.Antiforgery.DefaultAntiforgery.ValidateRequestAsync(HttpContext httpContext)
         at Microsoft.AspNetCore.Mvc.ViewFeatures.Filters.ValidateAntiforgeryTokenAuthorizationFilter.OnAuthorizationAsync(AuthorizationFilterContext context)
info: Microsoft.AspNetCore.Mvc.Infrastructure.ControllerActionInvoker[3]
      Authorization failed for the request at filter 'Microsoft.AspNetCore.Mvc.ViewFeatures.Filters.ValidateAntiforgeryTokenAuthorizationFilter'.
info: Microsoft.AspNetCore.Mvc.StatusCodeResult[1]
      Executing StatusCodeResult, setting HTTP status code 400
info: Microsoft.AspNetCore.Mvc.Infrastructure.ControllerActionInvoker[105]
      Executed action PhoneBook.Controllers.AccountController.Logout (PhoneBook) in 4.772ms
info: Microsoft.AspNetCore.Routing.EndpointMiddleware[1]
      Executed endpoint 'PhoneBook.Controllers.AccountController.Logout (PhoneBook)'
info: Microsoft.AspNetCore.Hosting.Diagnostics[2]
      Request finished HTTP/2 POST https://localhost:44364/Account/Logout - 400 - - 17.2304ms
info: Microsoft.AspNetCore.Hosting.Diagnostics[1]
      Request starting HTTP/2 GET https://localhost:44364/ - - -
warn: Microsoft.AspNetCore.Session.SessionMiddleware[7]
      Error unprotecting the session cookie.
      System.Security.Cryptography.CryptographicException: The payload was invalid. For more information go to https://aka.ms/aspnet/dataprotectionwarning
         at Microsoft.AspNetCore.DataProtection.Cng.CbcAuthenticatedEncryptor.DecryptImpl(Byte* pbCiphertext, UInt32 cbCiphertext, Byte* pbAdditionalAuthenticatedData, UInt32 cbAdditionalAuthenticatedData)
         at Microsoft.AspNetCore.DataProtection.Cng.Internal.CngAuthenticatedEncryptorBase.Decrypt(ArraySegment`1 ciphertext, ArraySegment`1 additionalAuthenticatedData)
         at Microsoft.AspNetCore.DataProtection.KeyManagement.KeyRingBasedDataProtector.UnprotectCore(Byte[] protectedData, Boolean allowOperationsOnRevokedKeys, UnprotectStatus& status)
         at Microsoft.AspNetCore.DataProtection.KeyManagement.KeyRingBasedDataProtector.Unprotect(Byte[] protectedData)
         at Microsoft.AspNetCore.Session.CookieProtection.Unprotect(IDataProtector protector, String protectedText, ILogger logger)
info: Microsoft.AspNetCore.Routing.EndpointMiddleware[0]
      Executing endpoint 'PhoneBook.Controllers.HomeController.Index (PhoneBook)'
info: Microsoft.AspNetCore.Mvc.Infrastructure.ControllerActionInvoker[102]
      Route matched with {action = "Index", controller = "Home"}. Executing controller action with signature System.Threading.Tasks.Task`1[Microsoft.AspNetCore.Mvc.IActionResult] Index() on controller PhoneBook.Controllers.HomeController (PhoneBook).
info: Microsoft.AspNetCore.Mvc.ViewFeatures.ViewResultExecutor[1]
      Executing ViewResult, running view Index.
info: Microsoft.AspNetCore.Mvc.ViewFeatures.ViewResultExecutor[4]
      Executed ViewResult - view Index executed in 6.5176ms.
info: Microsoft.AspNetCore.Mvc.Infrastructure.ControllerActionInvoker[105]
      Executed action PhoneBook.Controllers.HomeController.Index (PhoneBook) in 17.9412ms
info: Microsoft.AspNetCore.Routing.EndpointMiddleware[1]
      Executed endpoint 'PhoneBook.Controllers.HomeController.Index (PhoneBook)'
info: Microsoft.AspNetCore.Hosting.Diagnostics[2]
      Request finished HTTP/2 GET https://localhost:44364/ - 200 - text/html;+charset=utf-8 39.2723ms
info: Microsoft.AspNetCore.Hosting.Diagnostics[1]
      Request starting HTTP/2 GET https://localhost:44364/.well-known/appspecific/com.chrome.devtools.json - - -
warn: Microsoft.AspNetCore.Session.SessionMiddleware[7]
      Error unprotecting the session cookie.
      System.Security.Cryptography.CryptographicException: The payload was invalid. For more information go to https://aka.ms/aspnet/dataprotectionwarning
         at Microsoft.AspNetCore.DataProtection.Cng.CbcAuthenticatedEncryptor.DecryptImpl(Byte* pbCiphertext, UInt32 cbCiphertext, Byte* pbAdditionalAuthenticatedData, UInt32 cbAdditionalAuthenticatedData)
         at Microsoft.AspNetCore.DataProtection.Cng.Internal.CngAuthenticatedEncryptorBase.Decrypt(ArraySegment`1 ciphertext, ArraySegment`1 additionalAuthenticatedData)
         at Microsoft.AspNetCore.DataProtection.KeyManagement.KeyRingBasedDataProtector.UnprotectCore(Byte[] protectedData, Boolean allowOperationsOnRevokedKeys, UnprotectStatus& status)
         at Microsoft.AspNetCore.DataProtection.KeyManagement.KeyRingBasedDataProtector.Unprotect(Byte[] protectedData)
         at Microsoft.AspNetCore.Session.CookieProtection.Unprotect(IDataProtector protector, String protectedText, ILogger logger)
info: Microsoft.AspNetCore.Hosting.Diagnostics[2]
      Request finished HTTP/2 GET https://localhost:44364/.well-known/appspecific/com.chrome.devtools.json - 404 - - 9.2109ms
info: Microsoft.AspNetCore.Hosting.Diagnostics[16]
      Request reached the end of the middleware pipeline without being handled by application code. Request path: GET https://localhost:44364/.well-known/appspecific/com.chrome.devtools.json, Response status code: 404
info: Microsoft.AspNetCore.Hosting.Diagnostics[1]
      Request starting HTTP/2 GET https://localhost:44364/lib/kendo/js/kendo.all.min.js.map - - -
info: Microsoft.AspNetCore.Hosting.Diagnostics[1]
      Request starting HTTP/2 GET https://localhost:44364/lib/kendo/js/kendo.aspnetmvc.min.js.map - - -
info: Microsoft.AspNetCore.Hosting.Diagnostics[1]
      Request starting HTTP/2 GET https://localhost:44364/_vs/browserLink - - -
info: Microsoft.AspNetCore.Hosting.Diagnostics[1]
      Request starting HTTP/2 GET https://localhost:44364/_framework/aspnetcore-browser-refresh.js - - -
warn: Microsoft.AspNetCore.Session.SessionMiddleware[7]
      Error unprotecting the session cookie.
      System.Security.Cryptography.CryptographicException: The payload was invalid. For more information go to https://aka.ms/aspnet/dataprotectionwarning
         at Microsoft.AspNetCore.DataProtection.Cng.CbcAuthenticatedEncryptor.DecryptImpl(Byte* pbCiphertext, UInt32 cbCiphertext, Byte* pbAdditionalAuthenticatedData, UInt32 cbAdditionalAuthenticatedData)
         at Microsoft.AspNetCore.DataProtection.Cng.Internal.CngAuthenticatedEncryptorBase.Decrypt(ArraySegment`1 ciphertext, ArraySegment`1 additionalAuthenticatedData)
         at Microsoft.AspNetCore.DataProtection.KeyManagement.KeyRingBasedDataProtector.UnprotectCore(Byte[] protectedData, Boolean allowOperationsOnRevokedKeys, UnprotectStatus& status)
         at Microsoft.AspNetCore.DataProtection.KeyManagement.KeyRingBasedDataProtector.Unprotect(Byte[] protectedData)
         at Microsoft.AspNetCore.Session.CookieProtection.Unprotect(IDataProtector protector, String protectedText, ILogger logger)
warn: Microsoft.AspNetCore.Session.SessionMiddleware[7]
      Error unprotecting the session cookie.
      System.Security.Cryptography.CryptographicException: The payload was invalid. For more information go to https://aka.ms/aspnet/dataprotectionwarning
         at Microsoft.AspNetCore.DataProtection.Cng.CbcAuthenticatedEncryptor.DecryptImpl(Byte* pbCiphertext, UInt32 cbCiphertext, Byte* pbAdditionalAuthenticatedData, UInt32 cbAdditionalAuthenticatedData)
         at Microsoft.AspNetCore.DataProtection.Cng.Internal.CngAuthenticatedEncryptorBase.Decrypt(ArraySegment`1 ciphertext, ArraySegment`1 additionalAuthenticatedData)
         at Microsoft.AspNetCore.DataProtection.KeyManagement.KeyRingBasedDataProtector.UnprotectCore(Byte[] protectedData, Boolean allowOperationsOnRevokedKeys, UnprotectStatus& status)
         at Microsoft.AspNetCore.DataProtection.KeyManagement.KeyRingBasedDataProtector.Unprotect(Byte[] protectedData)
         at Microsoft.AspNetCore.Session.CookieProtection.Unprotect(IDataProtector protector, String protectedText, ILogger logger)
info: Microsoft.AspNetCore.Hosting.Diagnostics[2]
      Request finished HTTP/2 GET https://localhost:44364/_framework/aspnetcore-browser-refresh.js - 200 16503 application/javascript;+charset=utf-8 6.9249ms
info: Microsoft.AspNetCore.Hosting.Diagnostics[2]
      Request finished HTTP/2 GET https://localhost:44364/lib/kendo/js/kendo.aspnetmvc.min.js.map - 404 - - 20.7340ms
info: Microsoft.AspNetCore.Hosting.Diagnostics[1]
      Request starting HTTP/2 GET https://localhost:44364/Home/GetDepartments - - -
info: Microsoft.AspNetCore.Hosting.Diagnostics[2]
      Request finished HTTP/2 GET https://localhost:44364/lib/kendo/js/kendo.all.min.js.map - 404 - - 30.1739ms
info: Microsoft.AspNetCore.Hosting.Diagnostics[16]
      Request reached the end of the middleware pipeline without being handled by application code. Request path: GET https://localhost:44364/lib/kendo/js/kendo.aspnetmvc.min.js.map, Response status code: 404
info: Microsoft.AspNetCore.Hosting.Diagnostics[16]
      Request reached the end of the middleware pipeline without being handled by application code. Request path: GET https://localhost:44364/lib/kendo/js/kendo.all.min.js.map, Response status code: 404
warn: Microsoft.AspNetCore.Session.SessionMiddleware[7]
      Error unprotecting the session cookie.
      System.Security.Cryptography.CryptographicException: The payload was invalid. For more information go to https://aka.ms/aspnet/dataprotectionwarning
         at Microsoft.AspNetCore.DataProtection.Cng.CbcAuthenticatedEncryptor.DecryptImpl(Byte* pbCiphertext, UInt32 cbCiphertext, Byte* pbAdditionalAuthenticatedData, UInt32 cbAdditionalAuthenticatedData)
         at Microsoft.AspNetCore.DataProtection.Cng.Internal.CngAuthenticatedEncryptorBase.Decrypt(ArraySegment`1 ciphertext, ArraySegment`1 additionalAuthenticatedData)
         at Microsoft.AspNetCore.DataProtection.KeyManagement.KeyRingBasedDataProtector.UnprotectCore(Byte[] protectedData, Boolean allowOperationsOnRevokedKeys, UnprotectStatus& status)
         at Microsoft.AspNetCore.DataProtection.KeyManagement.KeyRingBasedDataProtector.Unprotect(Byte[] protectedData)
         at Microsoft.AspNetCore.Session.CookieProtection.Unprotect(IDataProtector protector, String protectedText, ILogger logger)
info: Microsoft.AspNetCore.Hosting.Diagnostics[1]
      Request starting HTTP/2 GET https://localhost:44364/Home/GetAllEmployees?sort=&group=&filter= - - -
info: Microsoft.AspNetCore.Routing.EndpointMiddleware[0]
      Executing endpoint 'PhoneBook.Controllers.HomeController.GetDepartments (PhoneBook)'
info: Microsoft.AspNetCore.Mvc.Infrastructure.ControllerActionInvoker[102]
      Route matched with {action = "GetDepartments", controller = "Home"}. Executing controller action with signature System.Threading.Tasks.Task`1[Microsoft.AspNetCore.Mvc.IActionResult] GetDepartments() on controller PhoneBook.Controllers.HomeController (PhoneBook).
warn: Microsoft.AspNetCore.Session.SessionMiddleware[7]
      Error unprotecting the session cookie.
      System.Security.Cryptography.CryptographicException: The payload was invalid. For more information go to https://aka.ms/aspnet/dataprotectionwarning
         at Microsoft.AspNetCore.DataProtection.Cng.CbcAuthenticatedEncryptor.DecryptImpl(Byte* pbCiphertext, UInt32 cbCiphertext, Byte* pbAdditionalAuthenticatedData, UInt32 cbAdditionalAuthenticatedData)
         at Microsoft.AspNetCore.DataProtection.Cng.Internal.CngAuthenticatedEncryptorBase.Decrypt(ArraySegment`1 ciphertext, ArraySegment`1 additionalAuthenticatedData)
         at Microsoft.AspNetCore.DataProtection.KeyManagement.KeyRingBasedDataProtector.UnprotectCore(Byte[] protectedData, Boolean allowOperationsOnRevokedKeys, UnprotectStatus& status)
         at Microsoft.AspNetCore.DataProtection.KeyManagement.KeyRingBasedDataProtector.Unprotect(Byte[] protectedData)
         at Microsoft.AspNetCore.Session.CookieProtection.Unprotect(IDataProtector protector, String protectedText, ILogger logger)
info: Microsoft.AspNetCore.Hosting.Diagnostics[1]
      Request starting HTTP/2 GET https://localhost:44364/api/Note/list - - -
info: Microsoft.AspNetCore.Mvc.Infrastructure.SystemTextJsonResultExecutor[1]
      Executing JsonResult, writing value of type 'System.Linq.Enumerable+SelectListIterator`2[[PhoneBook.Models.Department, PhoneBook, Version=1.0.0.0, Culture=neutral, PublicKeyToken=null],[<>f__AnonymousType2`5[[System.Int32, System.Private.CoreLib, Version=8.0.0.0, Culture=neutral, PublicKeyToken=7cec85d7bea7798e],[System.String, System.Private.CoreLib, Version=8.0.0.0, Culture=neutral, PublicKeyToken=7cec85d7bea7798e],[System.Int32, System.Private.CoreLib, Version=8.0.0.0, Culture=neutral, PublicKeyToken=7cec85d7bea7798e],[System.Boolean, System.Private.CoreLib, Version=8.0.0.0, Culture=neutral, PublicKeyToken=7cec85d7bea7798e],[System.Collections.Generic.List`1[[System.Object, System.Private.CoreLib, Version=8.0.0.0, Culture=neutral, PublicKeyToken=7cec85d7bea7798e]], System.Private.CoreLib, Version=8.0.0.0, Culture=neutral, PublicKeyToken=7cec85d7bea7798e]], PhoneBook, Version=1.0.0.0, Culture=neutral, PublicKeyToken=null]]'.
info: Microsoft.AspNetCore.Routing.EndpointMiddleware[0]
      Executing endpoint 'PhoneBook.Controllers.HomeController.GetAllEmployees (PhoneBook)'
info: Microsoft.AspNetCore.Hosting.Diagnostics[2]
      Request finished HTTP/2 GET https://localhost:44364/_vs/browserLink - 200 - text/javascript;+charset=UTF-8 54.9114ms
warn: Microsoft.AspNetCore.Session.SessionMiddleware[7]
      Error unprotecting the session cookie.
      System.Security.Cryptography.CryptographicException: The payload was invalid. For more information go to https://aka.ms/aspnet/dataprotectionwarning
         at Microsoft.AspNetCore.DataProtection.Cng.CbcAuthenticatedEncryptor.DecryptImpl(Byte* pbCiphertext, UInt32 cbCiphertext, Byte* pbAdditionalAuthenticatedData, UInt32 cbAdditionalAuthenticatedData)
         at Microsoft.AspNetCore.DataProtection.Cng.Internal.CngAuthenticatedEncryptorBase.Decrypt(ArraySegment`1 ciphertext, ArraySegment`1 additionalAuthenticatedData)
         at Microsoft.AspNetCore.DataProtection.KeyManagement.KeyRingBasedDataProtector.UnprotectCore(Byte[] protectedData, Boolean allowOperationsOnRevokedKeys, UnprotectStatus& status)
         at Microsoft.AspNetCore.DataProtection.KeyManagement.KeyRingBasedDataProtector.Unprotect(Byte[] protectedData)
         at Microsoft.AspNetCore.Session.CookieProtection.Unprotect(IDataProtector protector, String protectedText, ILogger logger)
info: Microsoft.AspNetCore.Mvc.Infrastructure.ControllerActionInvoker[102]
      Route matched with {action = "GetAllEmployees", controller = "Home"}. Executing controller action with signature System.Threading.Tasks.Task`1[Microsoft.AspNetCore.Mvc.IActionResult] GetAllEmployees() on controller PhoneBook.Controllers.HomeController (PhoneBook).
info: Microsoft.AspNetCore.Mvc.Infrastructure.ControllerActionInvoker[105]
      Executed action PhoneBook.Controllers.HomeController.GetDepartments (PhoneBook) in 16.0795ms
info: Microsoft.AspNetCore.Hosting.Diagnostics[1]
      Request starting HTTP/2 GET https://localhost:44364/Home/GetDepartments - - -
info: Microsoft.AspNetCore.Routing.EndpointMiddleware[0]
      Executing endpoint 'PhoneBook.Controllers.NoteController.GetNotes (PhoneBook)'
info: Microsoft.AspNetCore.Routing.EndpointMiddleware[1]
      Executed endpoint 'PhoneBook.Controllers.HomeController.GetDepartments (PhoneBook)'
info: Microsoft.AspNetCore.Hosting.Diagnostics[2]
      Request finished HTTP/2 GET https://localhost:44364/Home/GetDepartments - 200 - application/json;+charset=utf-8 51.4501ms
info: Microsoft.AspNetCore.Mvc.Infrastructure.ControllerActionInvoker[102]
      Route matched with {action = "GetNotes", controller = "Note"}. Executing controller action with signature System.Threading.Tasks.Task`1[Microsoft.AspNetCore.Mvc.IActionResult] GetNotes() on controller PhoneBook.Controllers.NoteController (PhoneBook).
warn: Microsoft.AspNetCore.Session.SessionMiddleware[7]
      Error unprotecting the session cookie.
      System.Security.Cryptography.CryptographicException: The payload was invalid. For more information go to https://aka.ms/aspnet/dataprotectionwarning
         at Microsoft.AspNetCore.DataProtection.Cng.CbcAuthenticatedEncryptor.DecryptImpl(Byte* pbCiphertext, UInt32 cbCiphertext, Byte* pbAdditionalAuthenticatedData, UInt32 cbAdditionalAuthenticatedData)
         at Microsoft.AspNetCore.DataProtection.Cng.Internal.CngAuthenticatedEncryptorBase.Decrypt(ArraySegment`1 ciphertext, ArraySegment`1 additionalAuthenticatedData)
         at Microsoft.AspNetCore.DataProtection.KeyManagement.KeyRingBasedDataProtector.UnprotectCore(Byte[] protectedData, Boolean allowOperationsOnRevokedKeys, UnprotectStatus& status)
         at Microsoft.AspNetCore.DataProtection.KeyManagement.KeyRingBasedDataProtector.Unprotect(Byte[] protectedData)
         at Microsoft.AspNetCore.Session.CookieProtection.Unprotect(IDataProtector protector, String protectedText, ILogger logger)
info: Microsoft.AspNetCore.Routing.EndpointMiddleware[0]
      Executing endpoint 'PhoneBook.Controllers.HomeController.GetDepartments (PhoneBook)'
info: Microsoft.AspNetCore.Mvc.Infrastructure.ControllerActionInvoker[102]
      Route matched with {action = "GetDepartments", controller = "Home"}. Executing controller action with signature System.Threading.Tasks.Task`1[Microsoft.AspNetCore.Mvc.IActionResult] GetDepartments() on controller PhoneBook.Controllers.HomeController (PhoneBook).
info: Microsoft.AspNetCore.Mvc.Infrastructure.ObjectResultExecutor[1]
      Executing OkObjectResult, writing value of type 'System.Collections.Generic.List`1[[PhoneBook.Models.Note, PhoneBook, Version=1.0.0.0, Culture=neutral, PublicKeyToken=null]]'.
info: Microsoft.AspNetCore.Mvc.Infrastructure.SystemTextJsonResultExecutor[1]
      Executing JsonResult, writing value of type 'System.Linq.Enumerable+SelectListIterator`2[[PhoneBook.Models.Department, PhoneBook, Version=1.0.0.0, Culture=neutral, PublicKeyToken=null],[<>f__AnonymousType2`5[[System.Int32, System.Private.CoreLib, Version=8.0.0.0, Culture=neutral, PublicKeyToken=7cec85d7bea7798e],[System.String, System.Private.CoreLib, Version=8.0.0.0, Culture=neutral, PublicKeyToken=7cec85d7bea7798e],[System.Int32, System.Private.CoreLib, Version=8.0.0.0, Culture=neutral, PublicKeyToken=7cec85d7bea7798e],[System.Boolean, System.Private.CoreLib, Version=8.0.0.0, Culture=neutral, PublicKeyToken=7cec85d7bea7798e],[System.Collections.Generic.List`1[[System.Object, System.Private.CoreLib, Version=8.0.0.0, Culture=neutral, PublicKeyToken=7cec85d7bea7798e]], System.Private.CoreLib, Version=8.0.0.0, Culture=neutral, PublicKeyToken=7cec85d7bea7798e]], PhoneBook, Version=1.0.0.0, Culture=neutral, PublicKeyToken=null]]'.
info: Microsoft.AspNetCore.Mvc.Infrastructure.ControllerActionInvoker[105]
      Executed action PhoneBook.Controllers.NoteController.GetNotes (PhoneBook) in 15.0255ms
info: Microsoft.AspNetCore.Routing.EndpointMiddleware[1]
      Executed endpoint 'PhoneBook.Controllers.NoteController.GetNotes (PhoneBook)'
info: Microsoft.AspNetCore.Mvc.Infrastructure.ControllerActionInvoker[105]
      Executed action PhoneBook.Controllers.HomeController.GetDepartments (PhoneBook) in 12.1872ms
info: Microsoft.AspNetCore.Hosting.Diagnostics[2]
      Request finished HTTP/2 GET https://localhost:44364/api/Note/list - 200 - application/json;+charset=utf-8 45.7850ms
info: Microsoft.AspNetCore.Routing.EndpointMiddleware[1]
      Executed endpoint 'PhoneBook.Controllers.HomeController.GetDepartments (PhoneBook)'
info: Microsoft.AspNetCore.Hosting.Diagnostics[2]
      Request finished HTTP/2 GET https://localhost:44364/Home/GetDepartments - 200 - application/json;+charset=utf-8 36.7434ms
info: Microsoft.AspNetCore.Mvc.Infrastructure.SystemTextJsonResultExecutor[1]
      Executing JsonResult, writing value of type 'System.Collections.Generic.List`1[[PhoneBook.Models.Employee, PhoneBook, Version=1.0.0.0, Culture=neutral, PublicKeyToken=null]]'.
info: Microsoft.AspNetCore.Mvc.Infrastructure.ControllerActionInvoker[105]
      Executed action PhoneBook.Controllers.HomeController.GetAllEmployees (PhoneBook) in 50.4192ms
info: Microsoft.AspNetCore.Routing.EndpointMiddleware[1]
      Executed endpoint 'PhoneBook.Controllers.HomeController.GetAllEmployees (PhoneBook)'
info: Microsoft.AspNetCore.Hosting.Diagnostics[2]
      Request finished HTTP/2 GET https://localhost:44364/Home/GetAllEmployees?sort=&group=&filter= - 200 - application/json;+charset=utf-8 78.0005ms
info: Microsoft.AspNetCore.Hosting.Diagnostics[1]
      Request starting HTTP/2 GET https://localhost:44364/Home/GetEmployeesByDepartment?departmentId=0 - - -
warn: Microsoft.AspNetCore.Session.SessionMiddleware[7]
      Error unprotecting the session cookie.
      System.Security.Cryptography.CryptographicException: The payload was invalid. For more information go to https://aka.ms/aspnet/dataprotectionwarning
         at Microsoft.AspNetCore.DataProtection.Cng.CbcAuthenticatedEncryptor.DecryptImpl(Byte* pbCiphertext, UInt32 cbCiphertext, Byte* pbAdditionalAuthenticatedData, UInt32 cbAdditionalAuthenticatedData)
         at Microsoft.AspNetCore.DataProtection.Cng.Internal.CngAuthenticatedEncryptorBase.Decrypt(ArraySegment`1 ciphertext, ArraySegment`1 additionalAuthenticatedData)
         at Microsoft.AspNetCore.DataProtection.KeyManagement.KeyRingBasedDataProtector.UnprotectCore(Byte[] protectedData, Boolean allowOperationsOnRevokedKeys, UnprotectStatus& status)
         at Microsoft.AspNetCore.DataProtection.KeyManagement.KeyRingBasedDataProtector.Unprotect(Byte[] protectedData)
         at Microsoft.AspNetCore.Session.CookieProtection.Unprotect(IDataProtector protector, String protectedText, ILogger logger)
info: Microsoft.AspNetCore.Routing.EndpointMiddleware[0]
      Executing endpoint 'PhoneBook.Controllers.HomeController.GetEmployeesByDepartment (PhoneBook)'
info: Microsoft.AspNetCore.Mvc.Infrastructure.ControllerActionInvoker[102]
      Route matched with {action = "GetEmployeesByDepartment", controller = "Home"}. Executing controller action with signature System.Threading.Tasks.Task`1[Microsoft.AspNetCore.Mvc.IActionResult] GetEmployeesByDepartment(Int32) on controller PhoneBook.Controllers.HomeController (PhoneBook).
info: Microsoft.AspNetCore.Mvc.Infrastructure.SystemTextJsonResultExecutor[1]
      Executing JsonResult, writing value of type 'System.Collections.Generic.List`1[[PhoneBook.Models.Employee, PhoneBook, Version=1.0.0.0, Culture=neutral, PublicKeyToken=null]]'.
info: Microsoft.AspNetCore.Hosting.Diagnostics[1]
      Request starting HTTP/2 GET https://localhost:44364/Home/GetEmployeesByDepartment?departmentId=0 - - -
warn: Microsoft.AspNetCore.Session.SessionMiddleware[7]
      Error unprotecting the session cookie.
      System.Security.Cryptography.CryptographicException: The payload was invalid. For more information go to https://aka.ms/aspnet/dataprotectionwarning
         at Microsoft.AspNetCore.DataProtection.Cng.CbcAuthenticatedEncryptor.DecryptImpl(Byte* pbCiphertext, UInt32 cbCiphertext, Byte* pbAdditionalAuthenticatedData, UInt32 cbAdditionalAuthenticatedData)
         at Microsoft.AspNetCore.DataProtection.Cng.Internal.CngAuthenticatedEncryptorBase.Decrypt(ArraySegment`1 ciphertext, ArraySegment`1 additionalAuthenticatedData)
         at Microsoft.AspNetCore.DataProtection.KeyManagement.KeyRingBasedDataProtector.UnprotectCore(Byte[] protectedData, Boolean allowOperationsOnRevokedKeys, UnprotectStatus& status)
         at Microsoft.AspNetCore.DataProtection.KeyManagement.KeyRingBasedDataProtector.Unprotect(Byte[] protectedData)
         at Microsoft.AspNetCore.Session.CookieProtection.Unprotect(IDataProtector protector, String protectedText, ILogger logger)
info: Microsoft.AspNetCore.Routing.EndpointMiddleware[0]
      Executing endpoint 'PhoneBook.Controllers.HomeController.GetEmployeesByDepartment (PhoneBook)'
info: Microsoft.AspNetCore.Mvc.Infrastructure.ControllerActionInvoker[105]
      Executed action PhoneBook.Controllers.HomeController.GetEmployeesByDepartment (PhoneBook) in 44.134ms
info: Microsoft.AspNetCore.Mvc.Infrastructure.ControllerActionInvoker[102]
      Route matched with {action = "GetEmployeesByDepartment", controller = "Home"}. Executing controller action with signature System.Threading.Tasks.Task`1[Microsoft.AspNetCore.Mvc.IActionResult] GetEmployeesByDepartment(Int32) on controller PhoneBook.Controllers.HomeController (PhoneBook).
info: Microsoft.AspNetCore.Routing.EndpointMiddleware[1]
      Executed endpoint 'PhoneBook.Controllers.HomeController.GetEmployeesByDepartment (PhoneBook)'
info: Microsoft.AspNetCore.Hosting.Diagnostics[2]
      Request finished HTTP/2 GET https://localhost:44364/Home/GetEmployeesByDepartment?departmentId=0 - 200 - application/json;+charset=utf-8 59.9869ms
info: Microsoft.AspNetCore.Mvc.Infrastructure.SystemTextJsonResultExecutor[1]
      Executing JsonResult, writing value of type 'System.Collections.Generic.List`1[[PhoneBook.Models.Employee, PhoneBook, Version=1.0.0.0, Culture=neutral, PublicKeyToken=null]]'.
info: Microsoft.AspNetCore.Mvc.Infrastructure.ControllerActionInvoker[105]
      Executed action PhoneBook.Controllers.HomeController.GetEmployeesByDepartment (PhoneBook) in 34.9261ms
info: Microsoft.AspNetCore.Routing.EndpointMiddleware[1]
      Executed endpoint 'PhoneBook.Controllers.HomeController.GetEmployeesByDepartment (PhoneBook)'
info: Microsoft.AspNetCore.Hosting.Diagnostics[2]
      Request finished HTTP/2 GET https://localhost:44364/Home/GetEmployeesByDepartment?departmentId=0 - 200 - application/json;+charset=utf-8 48.1596ms
info: Microsoft.AspNetCore.Hosting.Diagnostics[1]
      Request starting HTTP/2 POST https://localhost:44364/Account/Logout - application/json 0
warn: Microsoft.AspNetCore.Session.SessionMiddleware[7]
      Error unprotecting the session cookie.
      System.Security.Cryptography.CryptographicException: The payload was invalid. For more information go to https://aka.ms/aspnet/dataprotectionwarning
         at Microsoft.AspNetCore.DataProtection.Cng.CbcAuthenticatedEncryptor.DecryptImpl(Byte* pbCiphertext, UInt32 cbCiphertext, Byte* pbAdditionalAuthenticatedData, UInt32 cbAdditionalAuthenticatedData)
         at Microsoft.AspNetCore.DataProtection.Cng.Internal.CngAuthenticatedEncryptorBase.Decrypt(ArraySegment`1 ciphertext, ArraySegment`1 additionalAuthenticatedData)
         at Microsoft.AspNetCore.DataProtection.KeyManagement.KeyRingBasedDataProtector.UnprotectCore(Byte[] protectedData, Boolean allowOperationsOnRevokedKeys, UnprotectStatus& status)
         at Microsoft.AspNetCore.DataProtection.KeyManagement.KeyRingBasedDataProtector.Unprotect(Byte[] protectedData)
         at Microsoft.AspNetCore.Session.CookieProtection.Unprotect(IDataProtector protector, String protectedText, ILogger logger)
info: Microsoft.AspNetCore.Routing.EndpointMiddleware[0]
      Executing endpoint 'PhoneBook.Controllers.AccountController.Logout (PhoneBook)'
info: Microsoft.AspNetCore.Mvc.Infrastructure.ControllerActionInvoker[102]
      Route matched with {action = "Logout", controller = "Account"}. Executing controller action with signature System.Threading.Tasks.Task`1[Microsoft.AspNetCore.Mvc.IActionResult] Logout() on controller PhoneBook.Controllers.AccountController (PhoneBook).
info: Microsoft.AspNetCore.Mvc.ViewFeatures.Filters.ValidateAntiforgeryTokenAuthorizationFilter[1]
      Antiforgery token validation failed. The required antiforgery header value "RequestVerificationToken" is not present.
      Microsoft.AspNetCore.Antiforgery.AntiforgeryValidationException: The required antiforgery header value "RequestVerificationToken" is not present.
         at Microsoft.AspNetCore.Antiforgery.DefaultAntiforgery.ValidateRequestAsync(HttpContext httpContext)
         at Microsoft.AspNetCore.Mvc.ViewFeatures.Filters.ValidateAntiforgeryTokenAuthorizationFilter.OnAuthorizationAsync(AuthorizationFilterContext context)
info: Microsoft.AspNetCore.Mvc.Infrastructure.ControllerActionInvoker[3]
      Authorization failed for the request at filter 'Microsoft.AspNetCore.Mvc.ViewFeatures.Filters.ValidateAntiforgeryTokenAuthorizationFilter'.
info: Microsoft.AspNetCore.Mvc.StatusCodeResult[1]
      Executing StatusCodeResult, setting HTTP status code 400
info: Microsoft.AspNetCore.Mvc.Infrastructure.ControllerActionInvoker[105]
      Executed action PhoneBook.Controllers.AccountController.Logout (PhoneBook) in 4.8849ms
info: Microsoft.AspNetCore.Routing.EndpointMiddleware[1]
      Executed endpoint 'PhoneBook.Controllers.AccountController.Logout (PhoneBook)'
info: Microsoft.AspNetCore.Hosting.Diagnostics[2]
      Request finished HTTP/2 POST https://localhost:44364/Account/Logout - 400 - - 16.5339ms
info: Microsoft.AspNetCore.Hosting.Diagnostics[1]
      Request starting HTTP/2 POST https://localhost:44364/Account/Logout - application/json 0
warn: Microsoft.AspNetCore.Session.SessionMiddleware[7]
      Error unprotecting the session cookie.
      System.Security.Cryptography.CryptographicException: The payload was invalid. For more information go to https://aka.ms/aspnet/dataprotectionwarning
         at Microsoft.AspNetCore.DataProtection.Cng.CbcAuthenticatedEncryptor.DecryptImpl(Byte* pbCiphertext, UInt32 cbCiphertext, Byte* pbAdditionalAuthenticatedData, UInt32 cbAdditionalAuthenticatedData)
         at Microsoft.AspNetCore.DataProtection.Cng.Internal.CngAuthenticatedEncryptorBase.Decrypt(ArraySegment`1 ciphertext, ArraySegment`1 additionalAuthenticatedData)
         at Microsoft.AspNetCore.DataProtection.KeyManagement.KeyRingBasedDataProtector.UnprotectCore(Byte[] protectedData, Boolean allowOperationsOnRevokedKeys, UnprotectStatus& status)
         at Microsoft.AspNetCore.DataProtection.KeyManagement.KeyRingBasedDataProtector.Unprotect(Byte[] protectedData)
         at Microsoft.AspNetCore.Session.CookieProtection.Unprotect(IDataProtector protector, String protectedText, ILogger logger)
info: Microsoft.AspNetCore.Routing.EndpointMiddleware[0]
      Executing endpoint 'PhoneBook.Controllers.AccountController.Logout (PhoneBook)'
info: Microsoft.AspNetCore.Mvc.Infrastructure.ControllerActionInvoker[102]
      Route matched with {action = "Logout", controller = "Account"}. Executing controller action with signature System.Threading.Tasks.Task`1[Microsoft.AspNetCore.Mvc.IActionResult] Logout() on controller PhoneBook.Controllers.AccountController (PhoneBook).
info: Microsoft.AspNetCore.Mvc.ViewFeatures.Filters.ValidateAntiforgeryTokenAuthorizationFilter[1]
      Antiforgery token validation failed. The required antiforgery header value "RequestVerificationToken" is not present.
      Microsoft.AspNetCore.Antiforgery.AntiforgeryValidationException: The required antiforgery header value "RequestVerificationToken" is not present.
         at Microsoft.AspNetCore.Antiforgery.DefaultAntiforgery.ValidateRequestAsync(HttpContext httpContext)
         at Microsoft.AspNetCore.Mvc.ViewFeatures.Filters.ValidateAntiforgeryTokenAuthorizationFilter.OnAuthorizationAsync(AuthorizationFilterContext context)
info: Microsoft.AspNetCore.Mvc.Infrastructure.ControllerActionInvoker[3]
      Authorization failed for the request at filter 'Microsoft.AspNetCore.Mvc.ViewFeatures.Filters.ValidateAntiforgeryTokenAuthorizationFilter'.
info: Microsoft.AspNetCore.Mvc.StatusCodeResult[1]
      Executing StatusCodeResult, setting HTTP status code 400
info: Microsoft.AspNetCore.Mvc.Infrastructure.ControllerActionInvoker[105]
      Executed action PhoneBook.Controllers.AccountController.Logout (PhoneBook) in 5.1247ms
info: Microsoft.AspNetCore.Routing.EndpointMiddleware[1]
      Executed endpoint 'PhoneBook.Controllers.AccountController.Logout (PhoneBook)'
info: Microsoft.AspNetCore.Hosting.Diagnostics[2]
      Request finished HTTP/2 POST https://localhost:44364/Account/Logout - 400 - - 17.0106ms
info: Microsoft.AspNetCore.Hosting.Diagnostics[1]
      Request starting HTTP/2 POST https://localhost:44364/Account/Logout - application/json 0
warn: Microsoft.AspNetCore.Session.SessionMiddleware[7]
      Error unprotecting the session cookie.
      System.Security.Cryptography.CryptographicException: The payload was invalid. For more information go to https://aka.ms/aspnet/dataprotectionwarning
         at Microsoft.AspNetCore.DataProtection.Cng.CbcAuthenticatedEncryptor.DecryptImpl(Byte* pbCiphertext, UInt32 cbCiphertext, Byte* pbAdditionalAuthenticatedData, UInt32 cbAdditionalAuthenticatedData)
         at Microsoft.AspNetCore.DataProtection.Cng.Internal.CngAuthenticatedEncryptorBase.Decrypt(ArraySegment`1 ciphertext, ArraySegment`1 additionalAuthenticatedData)
         at Microsoft.AspNetCore.DataProtection.KeyManagement.KeyRingBasedDataProtector.UnprotectCore(Byte[] protectedData, Boolean allowOperationsOnRevokedKeys, UnprotectStatus& status)
         at Microsoft.AspNetCore.DataProtection.KeyManagement.KeyRingBasedDataProtector.Unprotect(Byte[] protectedData)
         at Microsoft.AspNetCore.Session.CookieProtection.Unprotect(IDataProtector protector, String protectedText, ILogger logger)
info: Microsoft.AspNetCore.Routing.EndpointMiddleware[0]
      Executing endpoint 'PhoneBook.Controllers.AccountController.Logout (PhoneBook)'
info: Microsoft.AspNetCore.Mvc.Infrastructure.ControllerActionInvoker[102]
      Route matched with {action = "Logout", controller = "Account"}. Executing controller action with signature System.Threading.Tasks.Task`1[Microsoft.AspNetCore.Mvc.IActionResult] Logout() on controller PhoneBook.Controllers.AccountController (PhoneBook).
info: Microsoft.AspNetCore.Mvc.ViewFeatures.Filters.ValidateAntiforgeryTokenAuthorizationFilter[1]
      Antiforgery token validation failed. The required antiforgery header value "RequestVerificationToken" is not present.
      Microsoft.AspNetCore.Antiforgery.AntiforgeryValidationException: The required antiforgery header value "RequestVerificationToken" is not present.
         at Microsoft.AspNetCore.Antiforgery.DefaultAntiforgery.ValidateRequestAsync(HttpContext httpContext)
         at Microsoft.AspNetCore.Mvc.ViewFeatures.Filters.ValidateAntiforgeryTokenAuthorizationFilter.OnAuthorizationAsync(AuthorizationFilterContext context)
info: Microsoft.AspNetCore.Mvc.Infrastructure.ControllerActionInvoker[3]
      Authorization failed for the request at filter 'Microsoft.AspNetCore.Mvc.ViewFeatures.Filters.ValidateAntiforgeryTokenAuthorizationFilter'.
info: Microsoft.AspNetCore.Mvc.StatusCodeResult[1]
      Executing StatusCodeResult, setting HTTP status code 400
info: Microsoft.AspNetCore.Mvc.Infrastructure.ControllerActionInvoker[105]
      Executed action PhoneBook.Controllers.AccountController.Logout (PhoneBook) in 4.5992ms
info: Microsoft.AspNetCore.Routing.EndpointMiddleware[1]
      Executed endpoint 'PhoneBook.Controllers.AccountController.Logout (PhoneBook)'
info: Microsoft.AspNetCore.Hosting.Diagnostics[2]
      Request finished HTTP/2 POST https://localhost:44364/Account/Logout - 400 - - 16.4124ms
info: Microsoft.AspNetCore.Hosting.Diagnostics[1]
      Request starting HTTP/2 POST https://localhost:44364/Account/Logout - application/json 0
warn: Microsoft.AspNetCore.Session.SessionMiddleware[7]
      Error unprotecting the session cookie.
      System.Security.Cryptography.CryptographicException: The payload was invalid. For more information go to https://aka.ms/aspnet/dataprotectionwarning
         at Microsoft.AspNetCore.DataProtection.Cng.CbcAuthenticatedEncryptor.DecryptImpl(Byte* pbCiphertext, UInt32 cbCiphertext, Byte* pbAdditionalAuthenticatedData, UInt32 cbAdditionalAuthenticatedData)
         at Microsoft.AspNetCore.DataProtection.Cng.Internal.CngAuthenticatedEncryptorBase.Decrypt(ArraySegment`1 ciphertext, ArraySegment`1 additionalAuthenticatedData)
         at Microsoft.AspNetCore.DataProtection.KeyManagement.KeyRingBasedDataProtector.UnprotectCore(Byte[] protectedData, Boolean allowOperationsOnRevokedKeys, UnprotectStatus& status)
         at Microsoft.AspNetCore.DataProtection.KeyManagement.KeyRingBasedDataProtector.Unprotect(Byte[] protectedData)
         at Microsoft.AspNetCore.Session.CookieProtection.Unprotect(IDataProtector protector, String protectedText, ILogger logger)
info: Microsoft.AspNetCore.Routing.EndpointMiddleware[0]
      Executing endpoint 'PhoneBook.Controllers.AccountController.Logout (PhoneBook)'
info: Microsoft.AspNetCore.Mvc.Infrastructure.ControllerActionInvoker[102]
      Route matched with {action = "Logout", controller = "Account"}. Executing controller action with signature System.Threading.Tasks.Task`1[Microsoft.AspNetCore.Mvc.IActionResult] Logout() on controller PhoneBook.Controllers.AccountController (PhoneBook).
info: Microsoft.AspNetCore.Mvc.ViewFeatures.Filters.ValidateAntiforgeryTokenAuthorizationFilter[1]
      Antiforgery token validation failed. The required antiforgery header value "RequestVerificationToken" is not present.
      Microsoft.AspNetCore.Antiforgery.AntiforgeryValidationException: The required antiforgery header value "RequestVerificationToken" is not present.
         at Microsoft.AspNetCore.Antiforgery.DefaultAntiforgery.ValidateRequestAsync(HttpContext httpContext)
         at Microsoft.AspNetCore.Mvc.ViewFeatures.Filters.ValidateAntiforgeryTokenAuthorizationFilter.OnAuthorizationAsync(AuthorizationFilterContext context)
info: Microsoft.AspNetCore.Mvc.Infrastructure.ControllerActionInvoker[3]
      Authorization failed for the request at filter 'Microsoft.AspNetCore.Mvc.ViewFeatures.Filters.ValidateAntiforgeryTokenAuthorizationFilter'.
info: Microsoft.AspNetCore.Mvc.StatusCodeResult[1]
      Executing StatusCodeResult, setting HTTP status code 400
info: Microsoft.AspNetCore.Mvc.Infrastructure.ControllerActionInvoker[105]
      Executed action PhoneBook.Controllers.AccountController.Logout (PhoneBook) in 5.1782ms
info: Microsoft.AspNetCore.Routing.EndpointMiddleware[1]
      Executed endpoint 'PhoneBook.Controllers.AccountController.Logout (PhoneBook)'
info: Microsoft.AspNetCore.Hosting.Diagnostics[2]
      Request finished HTTP/2 POST https://localhost:44364/Account/Logout - 400 - - 19.4491ms
info: Microsoft.AspNetCore.Hosting.Diagnostics[1]
      Request starting HTTP/2 POST https://localhost:44364/Account/Logout - application/json 0
warn: Microsoft.AspNetCore.Session.SessionMiddleware[7]
      Error unprotecting the session cookie.
      System.Security.Cryptography.CryptographicException: The payload was invalid. For more information go to https://aka.ms/aspnet/dataprotectionwarning
         at Microsoft.AspNetCore.DataProtection.Cng.CbcAuthenticatedEncryptor.DecryptImpl(Byte* pbCiphertext, UInt32 cbCiphertext, Byte* pbAdditionalAuthenticatedData, UInt32 cbAdditionalAuthenticatedData)
         at Microsoft.AspNetCore.DataProtection.Cng.Internal.CngAuthenticatedEncryptorBase.Decrypt(ArraySegment`1 ciphertext, ArraySegment`1 additionalAuthenticatedData)
         at Microsoft.AspNetCore.DataProtection.KeyManagement.KeyRingBasedDataProtector.UnprotectCore(Byte[] protectedData, Boolean allowOperationsOnRevokedKeys, UnprotectStatus& status)
         at Microsoft.AspNetCore.DataProtection.KeyManagement.KeyRingBasedDataProtector.Unprotect(Byte[] protectedData)
         at Microsoft.AspNetCore.Session.CookieProtection.Unprotect(IDataProtector protector, String protectedText, ILogger logger)
info: Microsoft.AspNetCore.Routing.EndpointMiddleware[0]
      Executing endpoint 'PhoneBook.Controllers.AccountController.Logout (PhoneBook)'
info: Micros